Existence of hotels - does not exist,Total number of restaurants,Town,Existence of cafes - does not exist,District,Existence of touristic attractions ,Total number of guest houses,Existence of restaurants - does not exist,Total number of hotels,Existence of hotels ,Existence of restaurants,Existence of initiatives and projects in the past five years to improve the tourism sector,Total number of cafes,Existence of guest houses,Existence of touristic attractions that can be expolited and developed - does not exist,Tourism Index,Existence of cafes,Existence of guest houses - does not exist
0,30,Aabbesiyyi,0,Tyre,0,2,0,4,1,1,1,25,1,1,10,1,0
0,2,Aafsdiq,0,North_Governorate,0,1,0,1,1,1,0,1,1,1,10,1,0
0,6,Aain Ibl,0,Jbeil,1,4,0,1,1,1,1,5,1,0,10,1,0
0,6,Aain Zebdeh,0,Western_Beqaa,1,1,0,2,1,1,0,4,1,0,10,1,0
0,6,Aain Zhalta,0,Mount Lebanon,1,3,0,2,1,1,0,2,1,0,10,1,0
0,15,Aamchit,0,Byblos,1,4,0,1,1,1,0,3,1,0,10,1,0
0,8,Aanjar (Haouch Moussa),0,Zahle,0,20,0,2,1,1,0,4,1,1,10,1,0
0,10,Abou Qamha,0,Hasbaya,0,2,0,4,1,1,0,4,1,1,10,1,0
0,0,Antelias-Naccache,0,Matn,0,0,0,0,1,1,1,0,1,0,10,1,0
0,39,Baalbek,0,Baalbek-Hermel,0,1,0,2,1,1,1,10,1,1,10,1,0
0,10,Baskinta,0,Matn,1,2,0,3,1,1,0,10,1,0,10,1,0
0,20,Batroun,0,Batroun,1,15,0,3,1,1,0,20,1,0,10,1,0
0,20,Bcharreh,0,Bsharri,0,3,0,15,1,1,0,5,1,1,10,1,0
0,7,Bechouat,0,Baalbek-Hermel,1,1,0,4,1,1,0,2,1,0,10,1,0
0,4,Bent Jbeil,0,Jbeil,1,1,0,1,1,1,1,2,1,0,10,1,0
0,2,Bhamdoun El-Mhatta,0,Aley,0,3,0,4,1,1,1,3,1,1,10,1,0
0,10,Bhersaf,0,Matn,0,1,0,3,1,1,0,0,1,1,10,1,0
0,3,Bqaa Sefrine,0,MiniyehâDanniyeh,1,2,0,1,1,1,1,5,1,0,10,1,0
0,30,Bqerqacha,0,Bsharri,0,10,0,20,1,1,1,20,1,1,10,1,0
0,3,Dahr El-Ahmar,0,Beqaa,0,1,0,2,1,1,0,5,1,1,10,1,0
0,12,Deir El-Ahmar,0,Baalbek-Hermel,1,50,0,3,1,1,0,3,1,0,10,1,0
0,6,Douma,0,Batroun,0,3,0,4,1,1,0,1,1,1,10,1,0
0,6,Ehmej,0,Byblos,1,7,0,1,1,1,1,3,1,0,10,1,0
0,14,Enfeh,0,North_Governorate,1,4,0,1,1,1,1,4,1,0,10,1,0
0,6,Faraya,0,Keserwan,0,20,0,3,1,1,0,5,1,1,10,1,0
0,5,Fardis Hasbaiya,0,Hasbaya,1,5,0,2,1,1,0,20,1,0,10,1,0
0,2,Fnaydek,0,Akkar,1,10,0,1,1,1,0,10,1,0,10,1,0
0,40,Fraudis Ech-Chouf,0,Mount Lebanon,1,20,0,5,1,1,0,20,1,0,10,1,0
0,5,Hadath Ej-Jebbeh,0,Bsharri,1,2,0,2,1,1,1,2,1,0,10,1,0
0,15,Hammana,0,Baabda,1,10,0,3,1,1,1,7,1,0,10,1,0
0,6,Hasroun,0,Bsharri,1,2,0,2,1,1,1,3,1,0,10,1,0
0,15,Jall Ed-Dib,0,Matn,0,2,0,3,1,1,0,5,1,1,10,1,0
0,5,Jbaa En-Nabatiyeh-Ein-Boswar,0,Nabatieh,1,5,0,1,1,1,1,3,1,0,10,1,0
0,10,Jdaidet Marjaayoun,0,Marjeyoun,0,2,0,1,1,1,1,4,1,1,10,1,0
0,4,Jezzine-Ain Majdelin,0,South_Governorate,0,3,0,3,1,1,1,4,1,1,10,1,0
0,15,Jiyeh,0,Mount Lebanon,1,2,0,3,1,1,0,10,1,0,10,1,0
0,20,Kfar Dibiane,0,Keserwan,1,1,0,8,1,1,1,10,1,0,10,1,0
0,4,Khirbet Qanafar,0,Western_Beqaa,1,2,0,2,1,1,0,2,1,0,10,1,0
0,10,Maasser Beit Ed-Dine,0,Mount Lebanon,1,5,0,2,1,1,0,5,1,0,10,1,0
0,50,Mina ,0,Tripoli,1,3,0,1,1,1,1,100,1,0,10,1,0
0,8,Mrouj,0,Matn,0,2,0,1,1,1,0,2,1,1,10,1,0
0,15,Nabha Mehfara,0,Baalbek-Hermel,1,20,0,4,1,1,0,15,1,0,10,1,0
0,12,Qabb Elias,0,Zahle,1,7,0,1,1,1,1,6,1,0,10,1,0
0,10,Qlaileh Sour,0,Tyre,1,1,0,1,1,1,0,10,1,0,10,1,0
0,15,Rachaya El Wadi,0,Beqaa,1,1,0,1,1,1,1,7,1,0,10,1,0
0,5,Rihan Jezzine,0,South_Governorate,1,2,0,2,1,1,0,3,1,-1,10,1,0
0,7,Sohmor,0,Western_Beqaa,0,10,0,1,1,1,1,3,1,1,10,1,0
0,0,Sour,0,Tyre,0,0,0,0,1,1,1,0,1,0,10,1,0
0,2,Vidar,0,Byblos,1,1,0,1,1,1,0,3,1,0,10,1,0
0,10,Yammouneh,0,Baalbek-Hermel,0,5,0,1,1,1,0,5,1,1,10,1,0
0,80,Zahleh El-Maallaqa,0,Zahle,0,3,0,5,1,1,1,20,1,1,10,1,0
0,71,Zgharta-Ehden,0,Zgharta,1,1,0,17,1,1,1,16,1,0,10,1,0
0,2,Aain Er-Roummaneh Aaley,0,Aley,1,0,0,1,1,1,0,2,0,0,9,1,1
0,5,Aain Es-Sindiane,0,Matn,1,0,0,2,1,1,1,1,0,0,9,1,1
0,20,Aaley,0,Aley,1,0,0,5,1,1,0,20,0,0,9,1,1
0,2,Aarbet Qozhaiya,0,Zgharta,0,0,0,1,1,1,0,1,0,1,9,1,1
0,15,Aarjis,0,Zgharta,0,0,0,1,1,1,0,5,0,1,9,1,1
0,5,Aassoun,0,MiniyehâDanniyeh,1,0,0,1,1,1,0,3,0,0,9,1,1
0,2,Ablah,0,Zahle,0,0,0,1,1,1,0,1,0,1,9,1,1
0,4,Anane,0,South_Governorate,1,0,0,2,1,1,0,4,0,0,9,1,1
0,3,Ansar,0,Nabatieh,0,0,0,1,1,1,0,6,0,1,9,1,1
0,7,Bakhaaoun,0,MiniyehâDanniyeh,0,0,0,1,1,1,0,13,0,1,9,1,1
0,3,Beino,0,Akkar,0,0,0,2,1,1,0,2,0,1,9,1,1
0,6,Beit El-Kekko,0,Matn,0,0,0,1,1,1,0,3,0,1,9,1,1
0,4,Beit Lif,0,Jbeil,1,0,0,7,1,1,0,3,0,0,9,1,1
0,1,Beit Mellat,0,Akkar,1,0,0,1,1,1,0,1,0,0,9,1,1
0,5,Beit Meri,0,Matn,1,0,0,3,1,1,0,5,0,0,9,1,1
0,1,Beit Obeid,0,Zgharta,0,0,0,1,1,1,0,4,0,1,9,1,1
0,3,Biret Aakkar,0,Akkar,1,0,0,1,1,1,0,6,0,0,9,1,1
0,20,Bkassine,0,South_Governorate,1,0,0,12,1,1,0,5,0,0,9,1,1
0,4,Bmaryam,0,Baabda,1,0,0,3,1,1,0,1,0,0,9,1,1
0,8,Borj En-Naqoura,0,Tyre,1,0,0,3,1,1,0,4,0,0,9,1,1
0,20,Bourj El-Brajneh,0,Baabda,0,0,0,2,1,1,0,20,0,1,9,1,1
0,5,Bsalim,0,Matn,0,0,0,2,1,1,0,1,0,1,9,1,1
0,2,Charoun,0,Aley,1,0,0,1,1,1,1,1,0,0,9,1,1
0,4,Chiyah,0,Baabda,0,0,0,1,1,1,1,3,0,1,9,1,1
0,20,Choueifat El-Aamrousiyeh,0,Aley,0,0,0,5,1,1,1,10,0,1,9,1,1
0,5,Damour,0,Mount Lebanon,0,0,0,2,1,1,0,4,0,1,9,1,1
1,2,Deir Dourit,0,Mount Lebanon,0,0,0,1,1,1,0,2,0,1,9,1,1
0,4,Dibbiyeh,0,Mount Lebanon,0,0,0,2,1,1,0,3,0,1,9,1,1
0,4,Fekehe,0,Baalbek-Hermel,1,0,0,1,1,1,0,5,0,0,9,1,1
0,2,Fghal,0,Byblos,0,0,0,1,1,1,0,1,0,1,9,1,1
0,3,Ghbaet Bolonya,0,Matn,0,0,0,1,1,1,0,1,0,0,9,1,1
0,3,Ghineh,0,Keserwan,0,0,0,1,1,1,0,2,0,1,9,1,1
0,83,Ghobairi,0,Baabda,0,0,0,4,1,1,0,90,0,1,9,1,1
0,50,Hadath-Sbeineh,0,Baabda,0,0,0,1,1,1,0,50,0,1,9,1,1
0,3,Hakour,0,Akkar,0,0,0,1,1,1,0,3,0,1,9,1,1
0,3,Heri,0,Batroun,0,0,0,1,1,1,0,2,0,1,9,1,1
0,40,Hermel,0,Hermel,1,0,0,2,1,1,1,40,0,0,9,1,1
0,4,Hrar,0,Akkar,0,0,0,1,1,1,0,10,0,1,9,1,1
0,9,Iaat,0,Baalbek-Hermel,1,0,0,1,1,1,1,3,0,0,9,1,1
0,5,Jarjouaa,0,Nabatieh,1,0,0,2,1,1,0,3,0,0,9,1,1
0,64,Jbeil,0,Byblos,1,0,0,8,1,1,1,24,0,0,9,1,1
0,7,Jdita,0,Zahle,1,0,0,3,1,1,0,1,0,0,9,1,1
0,1,Keyfoun,0,Aley,0,0,0,1,1,1,0,3,0,1,9,1,1
0,5,Kfar Baal,0,Byblos,0,0,0,3,1,1,0,18,0,1,9,1,1
0,3,Kfar Roummane,0,Nabatieh,0,0,0,1,1,1,0,2,0,1,9,1,1
0,3,Khiyam Marjaayoun,0,Marjeyoun,1,0,0,2,1,1,0,5,0,-1,9,1,1
0,2,Kounine,0,Jbeil,0,0,0,1,1,1,0,2,0,1,9,1,1
0,10,Lala,0,Western_Beqaa,1,0,0,5,1,1,0,15,0,0,9,1,1
0,2,Majdel Selm,0,Marjeyoun,1,0,0,1,1,1,0,5,0,0,9,1,1
0,7,Makseh,0,Zahle,1,0,0,1,1,1,1,4,0,0,9,1,1
0,5,Mar Chaaya,0,Matn,0,0,0,3,1,1,1,2,0,1,9,1,1
0,10,Meri,0,Hasbaya,0,0,0,1,1,1,0,2,0,1,9,1,1
0,3,Merouaniyeh,0,Sidon,0,0,0,1,1,1,0,6,0,1,9,1,1
0,20,Minie,0,MiniyehâDanniyeh,1,0,0,1,1,1,1,20,0,0,9,1,1
0,4,Miziara,0,Zgharta,0,0,0,1,1,1,0,4,0,1,9,1,1
0,2,Nabi Osmane,0,Baalbek-Hermel,0,0,0,1,1,1,0,3,0,1,9,1,1
0,5,Qalamoun,0,Tripoli,0,0,0,1,1,1,1,8,0,1,9,1,1
0,3,Qaraaoun,0,Western_Beqaa,1,0,0,0,1,1,1,2,0,0,9,1,1
0,2,Qartaba,0,Byblos,0,0,0,2,1,1,1,2,0,1,9,1,1
0,1,Qraiyeh,0,Baabda,0,0,0,1,1,1,0,1,0,1,9,1,1
0,2,Qraiyet Jlayse,0,Byblos,0,0,0,1,1,1,0,1,0,1,9,1,1
0,2,Ras Baalbek Ech-Charqi,0,Baalbek-Hermel,1,0,0,3,1,1,0,1,0,0,9,1,1
0,30,Ras Masqa,0,North_Governorate,1,0,0,5,1,1,0,10,0,0,9,1,1
0,20,Rayfoun,0,Keserwan,1,0,0,3,1,1,0,20,0,0,9,1,1
0,4,Saghbine,0,Western_Beqaa,1,0,0,2,1,1,0,2,0,0,9,1,1
0,30,Saida,0,Sidon,1,0,0,2,1,1,1,15,0,0,9,1,1
0,1,Sfaray,0,South_Governorate,0,0,0,1,1,1,0,1,0,1,9,1,1
0,34,Shawagheer El-Faouqa,0,Hermel,1,0,0,5,1,1,0,15,0,0,9,1,1
0,25,Sinn El-Fil,0,Matn,0,0,0,3,1,1,0,25,0,1,9,1,1
0,1,Touline,0,Marjeyoun,0,0,0,1,1,1,0,1,0,1,9,1,1
0,5,Zalqa,0,Matn,0,0,0,2,1,1,0,5,0,1,9,1,1
0,100,Zouk El-Kharab,0,Matn,1,0,0,5,1,1,0,20,0,0,9,1,1
0,2,shebaneye,0,Baabda,1,0,0,1,1,1,0,3,0,0,9,1,1
1,6,Aakkar El-Aatiqa,0,Akkar,1,4,0,0,0,1,0,20,1,0,7,1,0
1,2,Aandqet,0,Akkar,0,2,0,0,0,1,0,2,1,1,7,1,0
1,5,Bab Mareaa,0,Western_Beqaa,0,1,0,0,0,1,0,5,1,1,7,1,0
1,7,Baisour,0,Aley,1,20,0,0,0,1,0,3,1,0,7,1,0
0,4,Bazaaoun,1,Bsharri,0,2,0,2,1,1,1,0,1,1,7,0,0
1,1,Bcheaali,0,Batroun,1,2,0,0,0,1,1,3,1,0,7,1,0
1,2,Bebnine,0,Akkar,0,3,0,0,0,1,0,5,1,1,7,1,0
0,3,Beit Ed-Dine,1,Mount Lebanon,0,1,0,1,1,1,0,0,1,1,7,0,0
1,2,Bmahray,0,Aley,1,6,0,0,0,1,0,1,1,0,7,1,0
1,2,Bnabil,1,Matn,0,5,1,0,0,1,0,1,1,1,7,1,1
1,6,Borj Aakkar,0,Akkar,0,1,0,0,0,1,0,2,1,1,7,1,0
0,0,Bterram,0,North_Governorate,0,2,1,2,1,0,0,2,1,1,7,1,0
0,3,Fatqa,1,Keserwan,0,15,0,1,1,1,0,0,1,1,7,0,0
0,1,Ghalboun,1,Byblos,1,2,0,1,1,1,1,0,1,0,7,0,0
1,1,Ghbaleh Kesrouane,0,Keserwan,1,1,0,0,0,1,0,4,1,0,7,1,0
1,7,Hasbaiya,0,Hasbaya,1,0,0,0,0,1,0,7,1,0,7,1,0
1,1,Kaftoun,0,North_Governorate,1,9,0,0,0,1,0,1,1,0,7,1,0
1,2,Kfar Aaqab,0,Matn,0,2,0,0,0,1,0,1,1,1,7,1,0
1,1,Kfar Chouba,0,Hasbaya,1,0,0,0,0,1,0,1,1,0,7,1,0
1,15,Kfar Hilda,0,Batroun,1,2,0,0,0,1,0,8,1,0,7,1,0
1,1,Kfour En-Nabatieh,1,Keserwan,0,1,1,1,1,1,1,3,1,1,7,1,1
1,4,Khirbet Char,0,Akkar,0,1,0,0,0,1,0,3,1,1,7,1,0
1,7,Khirbet Selm,0,Jbeil,1,3,0,0,0,1,1,10,1,-1,7,1,0
1,5,Minyara,0,Akkar,1,1,0,0,0,1,1,5,1,0,7,1,0
1,1,Mjaydel Jezzine,0,South_Governorate,1,1,0,0,0,1,0,2,1,0,7,1,0
1,7,Ouadi Khaled,0,Akkar,0,4,0,0,0,1,0,5,1,1,7,1,0
1,2,Ouardaniyeh,0,Mount Lebanon,0,1,0,0,0,1,1,2,1,1,7,1,0
1,6,Qaa Baalbek,0,Baalbek-Hermel,1,7,0,0,0,1,1,4,1,0,7,1,0
1,3,Qbaiyat Aakkar,0,Akkar,1,60,0,0,0,1,0,15,1,0,7,1,0
1,0,Qraiyet Saida,0,Sidon,1,0,0,0,0,1,1,0,1,0,7,1,0
1,6,Rachaaine,0,Zgharta,1,2,0,0,0,1,1,3,1,0,7,1,0
1,10,Salhiyet Saida,0,Sidon,0,1,0,0,0,1,0,4,1,1,7,1,0
0,30,Tannourine El-Faouqa,1,Batroun,1,5,0,2,1,1,1,0,1,0,7,0,0
1,2,Tarchich,0,Baabda,1,1,0,0,0,1,0,2,1,0,7,1,0
1,1,Tayr Debbeh,0,Tyre,1,30,0,0,0,1,1,20,1,0,7,1,0
0,5,Thoum,1,Batroun,0,2,0,1,1,1,1,0,1,1,7,0,0
0,10,Zefta,1,Nabatieh,0,1,0,1,1,1,0,0,1,1,7,0,0
1,3,mazboud,0,Mount Lebanon,0,2,0,0,0,1,0,1,1,1,7,1,0
1,1,Aain Drafil,0,Aley,0,0,0,0,0,1,1,1,0,1,6,1,1
0,1,Aain El Saydeh,1,Aley,0,0,0,2,1,1,0,0,0,1,6,0,1
1,5,Aain El-Kharroubeh,0,Matn,1,0,0,0,0,1,0,3,0,-1,6,1,1
1,2,Aali En-Nahri,0,Zahle,0,0,0,0,0,1,1,1,0,1,6,1,1
1,1,Aalma,0,Zgharta,0,0,0,0,0,1,0,2,0,1,6,1,1
0,2,Aalma Ech-Chaab,1,Tyre,1,0,0,1,1,1,0,0,0,0,6,0,1
1,3,Aamaret El-Baykat,0,Akkar,0,0,0,0,0,1,0,3,0,1,6,1,1
1,2,Aamayer,0,Akkar,0,0,0,0,0,1,0,3,0,1,6,1,1
1,1,Aana,0,Western_Beqaa,0,0,0,0,0,1,0,3,0,1,6,1,1
1,3,Aanout,0,Mount Lebanon,1,0,0,0,0,1,0,2,0,0,6,1,1
1,2,Aanqoun,0,Sidon,0,0,0,0,0,1,0,7,0,1,6,1,1
0,20,Aaqaibeh Kesrouane,1,Keserwan,1,0,0,2,1,1,1,0,0,0,6,0,1
1,1,Aarab Salim,0,Nabatieh,0,0,0,0,0,1,0,1,0,1,6,1,1
0,3,Aaymar,1,MiniyehâDanniyeh,1,0,0,1,1,1,0,0,0,0,6,0,1
1,1,Aaynata Bent Jbeil,0,Jbeil,0,0,0,0,0,1,1,3,0,0,6,1,1
1,2,Aayoun Aakkar,0,Akkar,0,0,0,0,0,1,0,4,0,1,6,1,1
1,6,Aayta Ech-Chaab,0,Jbeil,1,0,0,0,0,1,0,5,0,0,6,1,1
0,2,Aazour,1,South_Governorate,1,0,0,2,1,1,0,0,0,0,6,0,1
0,2,Aazra ouel Aazr,1,Keserwan,0,0,0,1,1,1,0,0,0,1,6,0,1
1,6,Alaq,0,Baalbek-Hermel,0,0,0,0,0,1,0,2,0,1,6,1,1
1,8,Amioun,0,North_Governorate,1,0,0,0,0,1,1,5,0,0,6,1,1
0,1,Arnoun,1,Nabatieh,0,0,0,1,1,1,1,0,0,1,6,0,1
1,2,Arzai,0,Sidon,0,0,0,0,0,1,0,4,0,1,6,1,1
1,1,Ayto,0,Zgharta,0,0,0,0,0,1,0,1,0,1,6,1,1
1,20,Baaqline,0,Mount Lebanon,1,0,0,0,0,1,0,5,0,-1,6,1,1
1,2,Babliyeh,0,Sidon,0,0,0,0,0,1,0,7,0,1,6,1,1
1,10,Balloune,0,Keserwan,1,0,0,0,0,1,1,3,0,0,6,1,1
1,3,Barja,0,Mount Lebanon,0,0,0,0,0,1,0,13,0,1,6,1,1
1,15,Barr Elias,0,Zahle,0,0,0,0,0,1,0,12,0,1,6,1,1
0,2,Batloun,1,Mount Lebanon,0,0,0,1,1,1,1,0,0,1,6,0,1
1,4,Batoulay,0,Tyre,0,0,0,0,0,1,0,12,0,1,6,1,1
1,3,Bechtoudar,0,Batroun,1,0,0,0,0,1,0,1,0,0,6,1,1
1,2,Bijdarfil,0,Batroun,0,0,0,0,0,1,0,1,0,1,6,1,1
1,4,Bissariyeh,0,Sidon,0,0,0,0,0,1,0,3,0,1,6,1,1
0,0,Bmakine,0,Aley,0,0,1,2,1,0,0,1,0,1,6,1,1
0,5,Borj El-Moulouk,1,Marjeyoun,0,0,0,2,1,1,0,0,0,1,6,0,1
1,3,Borj Rahhal,0,Tyre,1,0,0,0,0,1,0,13,0,0,6,1,1
0,1,Bouaida,1,Marjeyoun,1,0,0,1,1,1,0,0,0,0,6,0,1
0,1,Bouar,1,Keserwan,0,0,0,2,1,1,0,0,0,1,6,0,1
1,6,Bouarej,0,Zahle,0,0,0,0,0,1,0,2,0,1,6,1,1
1,5,Bourj El Arab,0,Akkar,1,0,0,0,0,1,0,4,0,0,6,1,1
1,1,Bourjein,0,Mount Lebanon,0,0,0,0,0,1,0,3,0,1,6,1,1
1,5,Bqerzla,0,Akkar,1,0,0,0,0,1,0,2,0,0,6,1,1
1,3,Bqosta,0,Sidon,0,0,0,0,0,1,0,2,0,1,6,1,1
1,13,Brital,0,Baalbek-Hermel,0,0,0,0,0,1,0,5,0,1,6,1,1
0,1,Btalloun,1,Aley,0,0,0,0,1,1,0,0,0,1,6,0,1
1,1,Bteghrine,0,Matn,0,0,0,0,0,1,0,2,0,1,6,1,1
1,1,Btouratij,0,North_Governorate,0,0,0,0,0,1,0,2,0,1,6,1,1
1,2,Chadra,0,Akkar,0,0,0,0,0,1,0,3,0,1,6,1,1
1,1,Charbila,0,Akkar,0,0,0,0,0,1,0,1,0,1,6,1,1
1,3,Chebaa,0,Hasbaya,1,0,0,0,0,1,0,1,0,0,6,1,1
1,2,Cheikhlar,0,Akkar,0,0,0,0,0,1,0,3,0,1,6,1,1
1,1,Chhim,0,Mount Lebanon,1,0,0,0,0,1,0,2,0,0,6,1,1
1,3,Chimlane,0,Aley,0,0,0,0,0,1,0,1,0,1,6,1,1
1,5,Choualiq Jezzine,0,South_Governorate,0,0,0,0,0,1,0,1,0,1,6,1,1
1,2,Choukine,0,Nabatieh,1,0,0,0,0,1,0,4,0,0,6,1,1
1,2,Dahr Es-Souane El-Matn,0,Matn,0,0,0,0,0,1,0,2,0,1,6,1,1
1,2,Dahr Laissine,0,Akkar,0,0,0,0,0,1,1,1,0,1,6,1,1
1,3,Daraiya Ech-Chouf,0,Mount Lebanon,0,0,0,0,0,1,0,2,0,1,6,1,1
1,3,Debl,0,Jbeil,1,0,0,0,0,1,1,2,0,0,6,1,1
1,6,Deir Aammar,0,MiniyehâDanniyeh,0,0,0,0,0,1,0,5,0,1,6,1,1
1,5,Deir Dalloum,0,Akkar,1,0,0,0,0,1,0,4,0,0,6,1,1
1,1,Deir El-harf,0,Baabda,0,0,0,0,0,1,0,2,0,1,6,1,1
1,2,Deir Jannine,0,Akkar,1,0,0,0,0,1,1,1,0,0,6,1,1
1,3,Deir Qanoun En-Nahr,0,Tyre,1,0,0,0,0,1,1,10,0,0,6,1,1
1,2,Deir Siriane,0,Marjeyoun,1,0,0,0,0,1,0,3,0,0,6,1,1
1,3,Dibbabiyeh,0,Akkar,0,0,0,0,0,1,0,4,0,1,6,1,1
1,1,Dimane,0,Bsharri,1,0,0,0,0,1,0,3,0,0,6,1,1
1,6,Douris,0,Baalbek-Hermel,0,0,0,0,0,1,0,1,0,1,6,1,1
1,2,Eghbe,0,Keserwan,1,0,0,0,0,1,0,1,0,0,6,1,1
0,2,Fanar,1,Matn,1,0,0,1,1,1,0,0,0,0,6,0,1
1,2,Fikani,0,Zahle,0,0,0,0,0,1,0,6,0,1,6,1,1
1,1,Fouara,0,Mount Lebanon,1,0,0,0,0,1,0,1,0,0,6,1,1
1,32,Furn Ech-Chebbak,0,Baabda,0,0,0,0,0,1,0,6,0,0,6,1,1
1,15,Ghaziyeh,0,Sidon,1,0,0,0,0,1,0,5,0,0,6,1,1
1,10,Ghazzeh,0,Western_Beqaa,0,0,0,0,0,1,0,3,0,1,6,1,1
1,1,Ghidras,0,Keserwan,0,0,0,0,0,1,0,2,0,1,6,1,1
1,0,Ghosta,0,Keserwan,0,0,0,0,0,1,0,3,0,0,6,1,1
1,8,Habbouch En-Nabatiyeh,0,Nabatieh,0,0,0,0,0,1,0,1,0,1,6,1,1
1,5,Halba,0,Akkar,0,0,0,0,0,1,0,20,0,1,6,1,1
1,1,Hanaouay,0,Tyre,1,0,0,0,0,1,0,2,0,0,6,1,1
1,2,Haouch Er-Rafqa,0,Baalbek-Hermel,0,0,0,0,0,1,0,2,0,1,6,1,1
1,1,Haouch Tall Safiyeh,0,Baalbek-Hermel,0,0,0,0,0,1,1,2,0,1,6,1,1
1,72,Haret Hreik,0,Baabda,0,0,0,0,0,1,0,90,0,1,6,1,1
1,15,Haret Saida,0,Sidon,0,0,0,0,0,1,1,25,0,1,6,1,1
1,3,Harouf,0,Nabatieh,1,0,0,0,0,1,0,4,0,0,6,1,1
1,3,Hayssa,0,Akkar,0,0,0,0,0,1,0,1,0,1,6,1,1
1,1,Hocheb,0,Akkar,0,0,0,0,0,1,0,2,0,1,6,1,1
1,2,Houmine El-Faouqa,0,Nabatieh,1,0,0,0,0,1,0,2,0,0,6,1,1
1,2,Houmine Et-Tahta,0,Nabatieh,1,0,0,0,0,1,0,3,0,0,6,1,1
0,0,Ibl Es-Saqi,1,Marjeyoun,1,0,0,0,1,1,0,0,0,0,6,0,1
1,4,Idbil,0,Akkar,0,0,0,0,0,1,0,4,0,1,6,1,1
1,1,Ighmid,0,Aley,0,0,0,0,0,1,0,2,0,1,6,1,1
1,3,Insariyeh,0,Sidon,1,0,0,0,0,1,0,5,0,0,6,1,1
1,3,Izal,0,MiniyehâDanniyeh,0,0,0,0,0,1,0,5,0,1,6,1,1
0,3,Jadra,1,Mount Lebanon,0,0,0,3,1,1,0,0,0,1,6,0,1
0,1,Jarmaq,1,South_Governorate,1,0,0,1,1,1,0,0,0,0,6,0,1
0,0,Jebrayel,0,Akkar,0,0,1,1,1,0,0,3,0,1,6,1,1
1,2,Jermanya,0,Akkar,0,0,0,0,0,1,0,2,0,1,6,1,1
1,3,Jouaiya,0,Tyre,1,0,0,0,0,1,0,5,0,0,6,1,1
1,3,Jouar El-Haouz,0,Baabda,0,0,0,0,0,1,0,2,0,1,6,1,1
1,2,Joubb Jannine,0,Western_Beqaa,0,0,0,0,0,1,0,12,0,1,6,1,1
1,1,Jouret Arsoun,0,Baabda,0,0,0,0,0,1,1,1,0,1,6,1,1
0,1,Jouret Bedrane,1,Keserwan,0,0,0,1,1,1,0,0,0,1,6,0,1
1,2,Kafra Bent Jbeil,0,Jbeil,0,0,0,0,0,1,0,4,0,1,6,1,1
1,1,Kafraiya West Bekaa,0,Western_Beqaa,0,0,0,0,0,1,0,1,0,1,6,1,1
1,5,Kamed El-Laouz,0,Western_Beqaa,1,0,0,0,0,1,1,10,0,0,6,1,1
1,6,Ketermaya,0,Mount Lebanon,0,0,0,0,0,1,0,1,0,1,6,1,1
1,2,Kfar Aaqqa,0,North_Governorate,1,0,0,0,0,1,0,2,0,0,6,1,1
1,1,Kfar Chellane,0,MiniyehâDanniyeh,1,0,0,0,0,1,0,6,0,0,6,1,1
1,1,Kfar Dounine,0,Jbeil,0,0,0,0,0,1,1,6,0,1,6,1,1
1,2,Kfar Hay,0,Batroun,1,0,0,0,0,1,1,2,0,0,6,1,1
1,2,Kfar Houneh,0,South_Governorate,0,0,0,0,0,1,0,1,0,1,6,1,1
0,1,Kfar Jreif,1,Keserwan,1,0,0,1,1,1,1,0,0,0,6,0,1
1,2,Kfar Matta,0,Aley,0,0,0,0,0,1,0,2,0,1,6,1,1
0,6,Kfar Sir,1,Nabatieh,1,0,0,1,1,1,0,0,0,0,6,0,1
1,8,Kfardlaqous,0,Zgharta,0,0,0,0,0,1,0,3,0,1,6,1,1
1,0,Kfarfila,0,Nabatieh,1,0,0,0,0,1,1,3,0,0,6,1,1
1,5,Kfarhata ,0,North_Governorate,0,0,0,0,0,1,0,2,0,1,6,1,1
0,0,Kfarhata Zgharta,1,Zgharta,0,0,0,1,1,1,0,0,0,1,6,0,1
1,2,Kfartoun,0,Akkar,0,0,0,0,0,1,0,12,0,1,6,1,1
1,0,Khalwat,0,Hasbaya,1,0,0,0,0,1,0,5,0,0,6,1,1
1,2,Khinchara,0,Matn,1,0,0,0,0,1,0,1,0,0,6,1,1
1,2,Khodr Baalbek,0,Baalbek-Hermel,0,0,0,0,0,1,0,1,0,1,6,1,1
1,1,Kouachra,0,Akkar,1,0,0,0,0,1,1,8,0,0,6,1,1
1,2,Koueikhat,0,Akkar,0,0,0,0,0,1,0,2,0,1,6,1,1
1,5,Kousba,0,North_Governorate,0,0,0,0,0,1,0,1,0,1,6,1,1
1,1,Kroum El-Aarab,0,Akkar,0,0,0,0,0,1,0,1,0,1,6,1,1
1,3,Maarakeh,0,Tyre,0,0,0,0,0,1,0,20,0,1,6,1,1
1,5,Machghara,0,Western_Beqaa,1,0,0,0,0,1,0,3,0,0,6,1,1
1,3,Maghdoucheh,0,Sidon,1,0,0,0,0,1,1,2,0,0,6,1,1
1,3,Majdel,0,Tyre,1,0,0,0,0,1,0,11,0,0,6,1,1
1,3,Majdel Baana,0,Aley,0,0,0,0,0,1,0,3,0,1,6,1,1
1,2,Maqneh,0,Baalbek-Hermel,0,0,0,0,0,1,1,2,0,1,6,1,1
1,10,Mayrouba,0,Keserwan,0,0,0,0,0,1,0,1,0,1,6,1,1
1,2,Mazareaa Jabal Akroum,0,Akkar,1,0,0,0,0,1,0,10,0,0,6,1,1
1,2,Mazraat Es-Dahr,0,Mount Lebanon,0,0,0,0,0,1,1,1,0,1,6,1,1
1,1,Mazraat Hokka,0,Zgharta,0,0,0,0,0,1,0,1,0,1,6,1,1
0,0,Mazraat Yachouaa,0,Matn,0,0,1,1,1,0,0,1,0,1,6,1,1
1,2,Merkebta,0,MiniyehâDanniyeh,0,0,0,0,0,1,0,6,0,1,6,1,1
1,1,Mghairiyeh Ech-Chouf,0,Mount Lebanon,1,0,0,0,0,1,0,3,0,0,6,1,1
1,1,Michmich Jbeil,0,Byblos,1,0,0,0,0,1,1,8,0,1,6,1,1
1,0,Miriata,0,Zgharta,0,0,0,0,0,1,0,7,0,1,6,1,1
1,2,Moukhtara,0,Mount Lebanon,1,0,0,0,0,1,0,1,0,0,6,1,1
1,2,Mrah Es-Srayj,0,MiniyehâDanniyeh,0,0,0,0,0,1,1,4,0,1,6,1,1
1,50,Nabatiyeh,0,Nabatieh,1,0,0,0,0,1,0,50,0,0,6,1,1
1,10,Nabatiyeh El-Faouka,0,Nabatieh,1,0,0,0,0,1,0,8,0,0,6,1,1
1,11,Nabi Chit,0,Baalbek-Hermel,0,0,0,0,0,1,0,8,0,1,6,1,1
1,3,Nimrine,0,MiniyehâDanniyeh,0,0,0,0,0,1,0,1,0,1,6,1,1
1,1,Ouadi Ed-Deir,0,Mount Lebanon,0,0,0,0,0,1,0,1,0,1,6,1,1
0,5,Qaa Er-Rim,1,Zahle,0,0,0,1,1,1,0,0,0,1,6,0,1
1,4,Qaaqaaiyet Ej-Jisr,0,Nabatieh,0,0,0,0,0,1,0,10,0,1,6,1,1
1,5,Qabaait,0,Akkar,0,0,0,0,0,1,0,3,0,1,6,1,1
1,5,Qahmez,0,Byblos,1,0,0,0,0,1,0,2,0,0,6,1,1
1,1,Qanya,0,Akkar,0,0,0,0,0,1,0,6,0,1,6,1,1
1,3,Qaser,0,Hermel,0,0,0,0,0,1,0,3,0,1,6,1,1
1,4,Qelaya,0,Western_Beqaa,0,0,0,0,0,1,0,2,0,1,6,1,1
1,2,Qennarit,0,Sidon,0,0,0,0,0,1,0,2,0,1,6,1,1
1,14,Qleiaat Kesrouane,0,Keserwan,0,0,0,0,0,1,0,3,0,1,6,1,1
1,1,Qmatiyeh,0,Aley,0,0,0,0,0,1,0,1,0,1,6,1,1
1,1,Qornayel,0,Baabda,1,0,0,0,0,1,1,3,0,0,6,1,1
1,1,Qsarnaba,0,Baalbek-Hermel,0,0,0,0,0,1,0,1,0,1,6,1,1
0,1,Rabieh,1,Matn,0,0,0,1,1,1,0,0,0,1,6,0,1
1,2,Rahbeh,0,Akkar,0,0,0,0,0,1,0,10,0,1,6,1,1
1,7,Rihaniyet Minie,0,MiniyehâDanniyeh,1,0,0,0,0,1,0,3,0,0,6,1,1
0,5,Rmeilet Ech-Chouf,1,Mount Lebanon,1,0,0,2,1,1,0,0,0,0,6,0,1
1,2,Roum,0,South_Governorate,1,0,0,0,0,1,0,4,0,0,6,1,1
1,3,Roumine,0,Nabatieh,1,0,0,0,0,1,1,3,0,0,6,1,1
1,4,Sadiqine,0,Tyre,1,0,0,0,0,1,0,10,0,0,6,1,1
0,4,Safra Kesrouane,1,Keserwan,0,0,0,4,1,1,0,0,0,1,6,0,1
1,3,Saksakiyeh,0,Sidon,0,0,0,0,0,1,0,5,0,1,6,1,1
1,2,Salima Baabda,0,Baabda,1,0,0,0,0,1,0,2,0,0,6,1,1
1,1,Sarba En-Nabatieh,0,Nabatieh,0,0,0,0,0,1,0,1,0,1,6,1,1
1,5,Sarin Fawqa,0,Baalbek-Hermel,1,0,0,0,0,1,0,10,0,0,6,1,1
1,1,Selfaya,0,Aley,0,0,0,0,0,1,0,1,0,1,6,1,1
1,3,Sibline,0,Mount Lebanon,0,0,0,0,0,1,0,3,0,1,6,1,1
1,8,Sindianet Zeidane,0,Akkar,1,0,0,0,0,1,0,16,0,0,6,1,1
1,2,Sir El-Gharbiyeh,0,Nabatieh,0,0,0,0,0,1,0,3,0,1,6,1,1
1,1,Souaisset Aakkar,0,Akkar,1,0,0,0,0,1,0,2,0,0,6,1,1
1,2,Soultaniyet Bent Jbeil,0,Jbeil,0,0,0,0,0,1,0,1,0,1,6,1,1
1,3,Tall Aabbas Ech-Charqi,0,Akkar,0,0,0,0,0,1,0,2,0,1,6,1,1
0,3,Tanbourit,1,Sidon,1,0,0,1,1,1,0,0,0,0,6,0,1
1,1,Tartij,0,Byblos,1,0,0,0,0,1,1,1,0,0,6,1,1
1,1,Teffahta,0,Sidon,0,0,0,0,0,1,0,4,0,1,6,1,1
0,3,Temnine Et-Tahta,1,Baalbek-Hermel,1,0,0,1,1,1,1,0,0,0,6,0,1
1,2,Terbol Zahleh,0,Zahle,0,0,0,0,0,1,0,1,0,1,6,1,1
1,4,Tikrit,0,Akkar,0,0,0,0,0,1,0,12,0,1,6,1,1
1,2,Tleil,0,Akkar,0,0,0,0,0,1,0,2,0,1,6,1,1
1,5,Torbol Menie,0,MiniyehâDanniyeh,0,0,0,0,0,1,1,1,0,1,6,1,1
1,0,Trablous ,0,Tripoli,0,0,0,0,0,1,0,0,0,1,6,1,1
1,1,Yanta,0,Beqaa,0,0,0,0,0,1,1,2,0,1,6,1,1
1,2,Yater,0,Jbeil,0,0,0,0,0,1,0,3,0,1,6,1,1
1,1,Yohmor En-Nabatiyeh,0,Nabatieh,1,0,0,0,0,1,0,4,0,0,6,1,1
1,5,Yohmor West Bekaa,0,Western_Beqaa,1,0,0,0,0,1,0,3,0,0,6,1,1
0,5,Zouk Mkayel,1,Keserwan,1,0,0,2,1,1,0,0,0,0,6,0,1
0,10,Zouk Mousbeh,1,Keserwan,0,0,0,3,1,1,0,0,0,1,6,0,1
1,5,Zrariyeh,0,Sidon,1,0,0,0,0,1,0,10,0,0,6,1,1
1,4,berqayel,0,Akkar,1,0,0,0,0,1,0,10,0,0,6,1,1
1,4,tarane,0,MiniyehâDanniyeh,1,0,0,0,0,1,0,8,0,0,6,1,1
1,0,Aabrine,0,Batroun,0,2,1,0,0,0,0,2,1,1,4,1,0
1,2,Aaytanit,1,Western_Beqaa,0,1,0,0,0,1,0,0,1,1,4,0,0
1,2,Aintoura Kesrouane,1,Keserwan,0,1,0,0,0,1,0,0,1,1,4,0,0
1,1,Baadarane,1,Mount Lebanon,1,2,0,0,0,1,1,0,1,0,4,0,0
1,0,Bchtfine,0,Mount Lebanon,1,1,1,0,0,0,0,2,1,0,4,1,0
1,0,Bdadoun,0,Aley,1,4,1,0,0,0,0,2,1,0,4,1,0
0,0,Berbara Jbeil,1,Byblos,0,1,1,2,1,0,0,0,1,1,4,0,0
1,3,Bqaa Kafra,1,Bsharri,0,1,0,0,0,1,0,0,1,1,4,0,0
1,1,Charqiyeh,0,Nabatieh,0,1,0,0,0,1,0,0,1,1,4,0,0
1,3,Dmit,1,Mount Lebanon,0,1,0,0,0,1,0,0,1,1,4,0,0
1,0,Hazmiyet-Miniyeh,0,MiniyehâDanniyeh,0,1,1,0,0,0,0,2,1,1,4,1,0
1,0,Kaoukaba Hasbaiya,0,Hasbaya,1,1,1,0,0,0,1,2,1,0,4,1,0
1,6,Kfar Aabida,1,Batroun,0,5,0,0,0,1,0,0,1,1,4,0,0
1,0,Kfarsghab,0,Zgharta,1,3,1,0,0,0,0,1,1,0,4,1,0
1,0,Kouakh,0,Hermel,0,2,1,0,0,0,0,1,1,1,4,1,0
1,3,Lehfed,1,Byblos,1,1,0,0,0,1,0,0,1,0,4,0,0
1,0,Mansoura ,0,Akkar,0,1,1,0,0,0,0,1,1,1,4,1,0
1,4,Mazraat El-Hdaira,1,Matn,0,3,0,0,0,1,0,0,1,1,4,0,0
1,0,Mazraat Et-Teffah,0,Zgharta,1,1,1,0,0,0,0,1,1,0,4,1,0
1,0,Mazraat Nahr Zgharta,0,Zgharta,0,1,1,0,0,0,0,1,1,1,4,1,0
1,0,Mounjez,0,Akkar,1,5,1,0,0,0,1,3,1,0,4,1,0
1,2,Mqaiteaa,1,Akkar,0,1,0,0,0,1,0,0,1,1,4,0,0
1,1,Mrah Ez Ziyat,1,Batroun,0,6,0,0,0,1,0,0,1,1,4,0,0
1,0,Niha El-Chouf,0,Mount Lebanon,0,2,1,0,0,0,0,4,1,1,4,1,0
1,0,Ouadi Nakhleh,0,Tripoli,0,2,1,0,0,0,0,5,1,1,4,1,0
1,1,Ouadi Qannoubine,1,Bsharri,0,10,0,0,0,1,0,0,1,1,4,0,0
1,0,Rachaiya El-Foukhar,0,Hasbaya,1,1,1,0,0,0,0,1,1,0,4,1,0
1,1,Rashana,1,Batroun,1,3,0,0,0,1,0,0,1,0,4,0,0
1,2,Rimat,1,South_Governorate,0,5,0,0,0,1,0,0,1,1,4,0,0
0,0,Seraal,1,Zgharta,1,2,1,1,1,0,0,0,1,0,4,0,0
1,0,Tall Meaayan Tall Kiri,0,Akkar,0,6,1,0,0,0,0,4,1,1,4,1,0
1,0,Toula,0,Zgharta,0,1,1,0,0,0,0,2,1,1,4,1,0
1,0,ebra wChouane,0,Keserwan,0,2,1,0,0,0,0,2,1,1,4,1,0
1,0, Bireh,0,Mount Lebanon,0,0,1,0,0,0,0,1,0,1,3,1,1
0,0,Aabadiyeh,1,Baabda,1,0,1,1,1,0,0,0,0,0,3,0,1
1,1,Aabaydat,1,Byblos,0,0,0,0,0,1,0,0,0,1,3,0,1
1,0,Aabdine,0,Bsharri,0,0,1,0,0,0,0,2,0,1,3,1,1
1,2,Aabra Saida,1,Sidon,0,0,0,0,0,1,0,0,0,1,3,0,1
1,0,Aachach,0,Zgharta,0,0,1,0,0,0,0,2,0,1,3,1,1
0,10,Aachqout,0,Keserwan,0,0,0,0,0,1,0,0,0,0,3,0,0
1,0,Aadaysseh Marjaayoun,0,Marjeyoun,0,0,1,0,0,0,0,10,0,1,3,1,1
1,3,Aadloun,1,Sidon,0,0,0,0,0,1,0,0,0,0,3,0,1
1,0,Aain Aata,0,Beqaa,0,0,1,0,0,0,0,2,0,1,3,1,1
1,2,Aain Ej-Jdideh Aaley,1,Aley,0,0,0,0,0,1,0,0,0,1,3,0,1
1,0,Aain Et-Tineh-Miniyeh,0,MiniyehâDanniyeh,0,0,1,0,0,0,0,1,0,1,3,1,1
1,0,Aain Ez-Zeit,0,Akkar,0,0,1,0,0,0,0,3,0,1,3,1,1
0,0,Aain Ez-Zeitouneh,1,Matn,0,0,1,1,1,0,0,0,0,1,3,0,1
1,1,Aain Jarfa,1,Hasbaya,0,0,0,0,0,1,0,0,0,1,3,0,1
1,2,Aain Kfar Zabad,1,Zahle,0,0,0,0,0,1,0,0,0,1,3,0,1
1,1,Aain Ouzain,1,Mount Lebanon,0,0,0,0,0,1,0,0,0,1,3,0,1
1,0,Aain Tinta,0,Akkar,0,0,1,0,0,0,0,1,0,1,3,1,1
1,0,Aaita Ej-Jabal,0,Jbeil,0,0,1,0,0,0,0,2,0,1,3,1,1
1,0,Aaiyat,0,Akkar,0,0,1,0,0,0,0,3,0,1,3,1,1
1,2,Aaley Bsatine,1,Aley,0,0,0,0,0,1,0,0,0,1,3,0,1
1,0,Aalmane Ech-Chouf,0,Mount Lebanon,0,0,1,0,0,0,0,1,0,1,3,1,1
1,1,Aammatour,1,Mount Lebanon,1,0,0,0,0,1,0,0,0,0,3,0,1
1,2,Aammiq Ech-Chouf,1,Western_Beqaa,1,0,0,0,0,1,0,0,0,1,3,0,1
1,2,Aarab Tabbaya,1,Sidon,0,0,0,0,0,1,0,0,0,1,3,0,1
1,1,Aaraiya,1,Baabda,0,0,0,0,0,1,1,0,0,1,3,0,1
1,0,Aaramoun Kesrouane,0,Aley,0,0,1,0,0,0,0,5,0,1,3,1,1
1,2,Aaychiyeh,1,South_Governorate,1,0,0,0,0,1,0,0,0,0,3,0,1
1,1,Aayta El-Foukhar,1,Beqaa,0,0,0,0,0,1,0,0,0,1,3,0,1
1,1,Aaytat,1,Aley,0,0,0,0,0,1,0,0,0,1,3,0,1
1,0,Aazqai,0,MiniyehâDanniyeh,0,0,1,0,0,0,0,5,0,1,3,1,1
1,0,Afqa Jbeil,0,Byblos,1,0,1,0,0,0,0,2,0,0,3,1,1
1,0,Almat,0,Byblos,0,0,1,0,0,0,0,2,0,1,3,1,1
1,0,Amara,0,Akkar,0,0,1,0,0,0,0,4,0,1,3,1,1
1,1,Assia,1,Batroun,1,0,0,0,0,1,0,0,0,0,3,0,1
1,1,Baaouerta,1,Aley,0,0,0,0,0,1,0,0,0,1,3,0,1
1,0,Baghdadi,0,Akkar,0,0,1,0,0,0,0,2,0,1,3,1,1
1,1,Bane,1,Bsharri,0,0,0,0,0,1,0,0,0,1,3,0,1
1,0,Basateen Aakar,0,Akkar,0,0,1,0,0,0,0,1,0,1,3,1,1
1,2,Batha,1,Keserwan,1,0,0,0,0,1,0,0,0,0,3,0,1
1,2,Bednayel El-Koura,1,North_Governorate,0,0,0,0,0,1,0,0,0,1,3,0,1
1,3,Behouaita,1,MiniyehâDanniyeh,0,0,0,0,0,1,0,0,0,1,3,0,1
1,0,Beit Ayoub,0,Akkar,0,0,1,0,0,0,0,2,0,1,3,1,1
1,7,Beit Chlala,1,Batroun,1,0,0,0,0,1,1,0,0,0,3,0,1
0,0,Beit Kassab,1,Batroun,0,0,1,1,1,0,1,0,0,1,3,0,1
1,1,Besri Jezzine,1,South_Governorate,1,0,0,0,0,1,0,0,0,0,3,0,1
1,0,Bezbina,0,Akkar,1,0,1,0,0,0,0,3,0,0,3,1,1
1,1,Bichtlida,1,Byblos,0,0,0,0,0,1,0,0,0,1,3,0,1
1,0,Bizhel,0,Keserwan,1,0,1,0,0,0,0,2,0,0,3,1,1
1,2,Blaouza,1,Bsharri,0,0,0,0,0,1,0,0,0,1,3,0,1
1,1,Blaybel,1,Aley,0,0,0,0,0,1,0,0,0,1,3,0,1
1,2,Boussit,1,Zgharta,0,0,0,0,0,1,0,0,0,1,3,0,1
1,0,Bqaatouta,0,Keserwan,0,0,1,0,0,0,0,2,0,1,3,1,1
1,0,Braiqeaa,0,Nabatieh,0,0,1,0,0,0,0,4,0,1,3,1,1
1,0,Bramiyeh,0,Sidon,0,0,1,0,0,0,0,1,0,1,3,1,1
1,0,Breissat,0,Bsharri,0,0,1,0,0,0,0,1,0,1,3,1,1
1,1,Bsaba Baabda,1,Baabda,0,0,0,0,0,1,0,0,0,1,3,0,1
1,1,Bsaba Ech-Chouf,1,Mount Lebanon,0,0,0,0,0,1,0,0,0,1,3,0,1
1,0,Bsarma,0,North_Governorate,0,0,1,0,0,0,0,2,0,1,3,1,1
1,0,Btedine El-Leqch,1,South_Governorate,1,0,0,0,0,1,0,0,0,-1,3,0,1
1,0,Btermaz,0,MiniyehâDanniyeh,1,0,1,0,0,0,1,1,0,0,3,1,1
1,0,Bzal,0,Akkar,0,0,1,0,0,0,0,4,0,1,3,1,1
0,0,Bzoummar,1,Keserwan,1,0,1,1,1,0,0,0,0,0,3,0,1
1,0,Chaaitiyeh-Malkiyah,0,Tyre,1,0,1,0,0,0,0,5,0,0,3,1,1
1,0,Chanay,0,Aley,1,0,1,0,0,0,0,2,0,0,3,1,1
1,0,Chane,0,Akkar,0,0,1,0,0,0,0,2,0,1,3,1,1
1,0,Chaqdouf,0,Akkar,0,0,1,0,0,0,0,1,0,1,3,1,1
1,5,Chehabiyeh,1,Tyre,1,0,0,0,0,1,0,0,0,0,3,0,1
1,0,Cheikh Mohammad,0,Akkar,0,0,1,0,0,0,0,7,0,1,3,1,1
1,5,Chibtine,1,Batroun,0,0,0,0,0,1,0,0,0,1,3,0,1
1,2,Chlifa,1,Baalbek-Hermel,0,0,0,0,0,1,0,0,0,1,3,0,1
1,3,Chouaya Hasbaiya,1,Hasbaya,0,0,0,0,0,1,0,0,0,1,3,0,1
1,3,Chtaura,1,Zahle,0,0,0,0,0,1,0,0,0,1,3,0,1
1,0,Dalhoun,0,Mount Lebanon,1,0,1,0,0,0,0,3,0,0,3,1,1
1,0,Deddeh,0,North_Governorate,0,0,1,0,0,0,0,3,0,1,3,1,1
1,1,Deir Billa,1,Batroun,0,0,0,0,0,1,0,0,0,1,3,0,1
1,1,Deir El-Ghazal,1,Zahle,1,0,0,0,0,1,0,0,0,0,3,0,1
1,2,Deir Koucheh,1,Mount Lebanon,0,0,0,0,0,1,0,0,0,1,3,0,1
1,0,Deir Ntar,0,Jbeil,0,0,1,0,0,0,0,4,0,1,3,1,1
1,0,Deir Qanoun El-Aain,0,Tyre,0,0,1,0,0,0,0,7,0,1,3,1,1
1,1,Dellafeh,1,Hasbaya,0,0,0,0,0,1,0,0,0,1,3,0,1
1,0,Dhour el hawa,0,North_Governorate,0,0,1,0,0,0,0,3,0,1,3,1,1
1,2,Edde El-Batroun,1,Batroun,1,0,0,0,0,1,1,0,0,0,3,0,1
1,0,Eddeh Jbeil,0,Byblos,1,0,1,0,0,0,1,2,0,0,3,1,1
1,0,Ein el Dahab,0,Akkar,0,0,1,0,0,0,0,3,0,1,3,1,1
0,2,El Manara,0,Western_Beqaa,0,0,0,0,0,1,0,0,0,0,3,0,0
1,1,Fiaa,1,North_Governorate,0,0,0,0,0,1,0,0,0,1,3,0,1
1,0,Fraides,0,Akkar,0,0,1,0,0,0,0,2,0,1,3,1,1
1,1,Ghandouriyet Bent Jbeil,1,Jbeil,0,0,0,0,0,1,0,0,0,1,3,0,1
1,0,Ghoifine,0,Byblos,1,0,1,0,0,0,0,2,0,0,3,1,1
1,1,Hajjeh,1,Sidon,1,0,0,0,0,1,0,0,0,0,3,0,1
0,0,Hamat,1,Batroun,0,0,1,1,1,0,0,0,0,1,3,0,1
1,3,Haouch Hala,1,Zahle,0,0,0,0,0,1,0,0,0,1,3,0,1
1,0,Haret Jandal,0,Mount Lebanon,1,0,1,0,0,0,1,4,0,0,3,1,1
1,0,Harf Es-Sayad,0,MiniyehâDanniyeh,1,0,1,0,0,0,0,2,0,0,3,1,1
1,0,Hasrayel,0,Byblos,0,0,1,0,0,0,0,4,0,1,3,1,1
1,0,Haytoura,0,South_Governorate,0,0,1,0,0,0,0,1,0,1,3,1,1
1,0,Hayzouq,0,Akkar,1,0,1,0,0,0,0,3,0,0,3,1,1
1,0,Hebbariyeh,0,Hasbaya,1,0,1,0,0,0,0,2,0,0,3,1,1
1,0,Hedd,0,Akkar,0,0,1,0,0,0,0,1,0,1,3,1,1
1,0,Hilan,0,Zgharta,0,0,1,0,0,0,0,1,0,1,3,1,1
1,0,Hlaliyeh ,0,Baabda,0,0,1,0,0,0,1,2,0,1,3,1,1
1,0,Hmaireh Aakkar,0,Akkar,1,0,1,0,0,0,0,2,0,0,3,1,1
1,0,Ijdaabrine,0,North_Governorate,1,0,1,0,0,0,0,1,0,0,3,1,1
1,0,Ilat,0,Akkar,1,0,1,0,0,0,0,2,0,0,3,1,1
1,3,Jaj,1,Byblos,0,0,0,0,0,1,1,0,0,1,3,0,1
1,1,Jarbata,1,Batroun,0,0,0,0,0,1,0,0,0,1,3,0,1
1,0,Jbal El-Botm,0,Tyre,0,0,1,0,0,0,0,1,0,1,3,1,1
1,1,Jdaidet Ghazir,1,Keserwan,0,0,0,0,0,1,0,0,0,1,3,0,1
1,2,Jdeidet Ech-Chouf,1,Mount Lebanon,0,0,0,0,0,1,1,0,0,1,3,0,1
1,0,Jdidet Ej-Joumeh,0,Akkar,1,0,1,0,0,0,0,2,0,0,3,1,1
1,1,Jensnaya,1,South_Governorate,0,0,0,0,0,1,0,0,0,1,3,0,1
1,0,Jenta,0,Baalbek-Hermel,0,0,1,0,0,0,1,6,0,1,3,1,1
1,1,Jouret El-Ballout,1,Matn,0,0,0,0,0,1,0,0,0,1,3,0,1
1,0,Kafr Harra,0,Akkar,0,0,1,0,0,0,0,4,0,1,3,1,1
1,0,Kafr Saroun,0,North_Governorate,0,0,1,0,0,0,0,1,0,1,3,1,1
1,0,Kafraya El-Koura,0,North_Governorate,0,0,1,0,0,0,0,1,0,1,3,1,1
1,2,Kahef Maloul,1,MiniyehâDanniyeh,0,0,0,0,0,1,0,0,0,1,3,0,1
1,0,Kaoutariyet Es-Siyad,0,Sidon,0,0,1,0,0,0,0,3,0,1,3,1,1
1,0,Kfar Bibnine,0,MiniyehâDanniyeh,1,0,1,0,0,0,0,2,0,0,3,1,1
1,3,Kfar Chima,1,Baabda,1,0,0,0,0,1,0,0,0,0,3,0,1
1,0,Kfar Denis,0,Beqaa,0,0,1,0,0,0,0,1,0,1,3,1,1
1,0,Kfar Falous,0,South_Governorate,0,0,1,0,0,0,0,1,0,1,3,1,1
1,0,Kfar Faqoud,0,Mount Lebanon,0,0,1,0,0,0,0,2,0,1,3,1,1
1,0,Kfar Habou,0,MiniyehâDanniyeh,0,0,1,0,0,0,0,10,0,1,3,1,1
1,0,Kfar Hatta Saida,0,Sidon,0,0,1,0,0,0,0,5,0,1,3,1,1
1,1,Kfar Hazir,1,North_Governorate,1,0,0,0,0,1,1,0,0,0,3,0,1
1,5,Kfar Kila,1,Marjeyoun,0,0,0,0,0,1,0,0,0,1,3,0,1
1,5,Kfar Melki Saida,1,Sidon,0,0,0,0,0,1,0,0,0,1,3,0,1
1,0,Kfar Nabrakh,0,Mount Lebanon,1,0,1,0,0,0,0,3,0,0,3,1,1
0,1,Kfar Niss,0,Mount Lebanon,0,0,0,0,0,1,0,0,0,0,3,0,0
1,0,Kfar Qouq,0,Beqaa,0,0,1,0,0,0,0,3,0,1,3,1,1
1,0,Kfar Selouane,0,Baabda,1,0,1,0,0,0,0,0,0,0,3,1,1
1,2,Kfarfou,1,Zgharta,0,0,0,0,0,1,0,0,0,1,3,0,1
1,3,Kfarzabad,1,Zahle,1,0,0,0,0,1,0,0,0,0,3,0,1
1,3,Khirbet Bisri,1,Mount Lebanon,0,0,0,0,0,1,0,0,0,1,3,0,1
1,0,Khreibet Ej-Jindi,0,Akkar,0,0,1,0,0,0,0,6,0,1,3,1,1
1,0,Lassa,0,Byblos,0,0,1,0,0,0,0,3,0,1,3,1,1
1,1,Lebaa,1,South_Governorate,1,0,0,0,0,1,0,0,0,0,3,0,1
1,0,Loubieh,0,Sidon,1,0,1,0,0,0,0,3,0,0,3,1,1
1,0,Maaysra Kesrouane,0,Keserwan,0,0,1,0,0,0,0,2,0,1,3,1,1
1,0,Machha,0,Akkar,1,0,1,0,0,0,0,5,0,0,3,1,1
1,1,Machmoucheh,1,South_Governorate,0,0,0,0,0,1,0,0,0,1,3,0,1
1,0,Machta Hammoud,0,Akkar,0,0,1,0,0,0,0,5,0,1,3,1,1
1,0,Machta Hassan,0,Akkar,0,0,1,0,0,0,0,4,0,1,3,1,1
1,0,Magher wbala,0,Bsharri,1,0,1,0,0,0,0,2,0,0,3,1,1
1,0,Mahrouna,0,Tyre,0,0,1,0,0,0,0,2,0,1,3,1,1
1,5,Majdel Aanjar,1,Zahle,0,0,0,0,0,1,0,0,0,1,3,0,1
0,0,Majdel El-Aqoura,1,Byblos,0,0,1,2,1,0,0,0,0,1,3,0,1
1,1,Majdelyoun,1,Sidon,0,0,0,0,0,1,0,0,0,1,3,0,1
1,0,Majdelzoun,0,Tyre,1,0,1,0,0,0,0,7,0,0,3,1,1
1,0,Maknounet Jezzine,0,South_Governorate,0,0,1,0,0,0,0,1,0,0,3,1,1
1,0,Malkiyah Village,0,Tyre,0,0,1,0,0,0,0,2,0,1,3,1,1
1,0,Mansoura,0,Western_Beqaa,1,0,1,0,0,0,1,2,0,0,3,1,1
1,0,Mansouriyet Bhamdoun,0,Aley,0,0,1,0,0,0,0,1,0,1,3,1,1
1,0,Mar Boutros Karm Et-Tine,0,Matn,0,0,1,0,0,0,0,1,0,1,3,1,1
1,0,Mar Moussa Ed-Douar,1,Matn,0,0,0,0,0,1,0,0,0,0,3,0,1
1,0,Marj Ez-Zouhour (Haouch El-Qinnaabeh),0,Hasbaya,0,0,1,0,0,0,0,2,0,1,3,1,1
1,0,Massaaoudiyeh,0,Akkar,0,0,1,0,0,0,0,4,0,1,3,1,1
1,1,Mayfadoun,1,Nabatieh,0,0,0,0,0,1,0,0,0,1,3,0,1
1,0,Mazraat Balda,0,Akkar,1,0,1,0,0,0,0,6,0,0,3,1,1
1,1,Mazraat Bani Saab,1,Bsharri,1,0,0,0,0,1,1,0,0,0,3,0,1
1,2,Mazraat Beit Ghattas,1,Akkar,0,0,0,0,0,1,0,0,0,1,3,0,1
1,0,Mazraat Ez-Zalloutiyeh,0,Tyre,0,0,1,0,0,0,0,4,0,1,3,1,1
1,8,Meiss Ej-Jabal,1,Marjeyoun,0,0,0,0,0,1,0,0,0,1,3,0,1
1,0,Mejdlaiya Zgharta,0,Zgharta,0,0,1,0,0,0,1,10,0,1,3,1,1
1,0,Mhaiydseh Rachaya,0,Beqaa,1,0,1,0,0,0,0,2,0,0,3,1,1
1,3,Mhammaret,1,Akkar,1,0,0,0,0,1,0,0,0,0,3,0,1
1,1,Mharbiyeh,1,South_Governorate,0,0,0,0,0,1,0,0,0,1,3,0,1
1,0,Miyeh ou Miyeh,0,Sidon,0,0,1,0,0,0,0,2,0,1,3,1,1
1,0,Moqaylbeh,0,Akkar,0,0,1,0,0,0,0,4,0,1,3,1,1
1,3,Moqraq,1,Baalbek-Hermel,0,0,0,0,0,1,0,0,0,1,3,0,1
1,0,Motel,0,MiniyehâDanniyeh,0,0,1,0,0,0,0,3,0,1,3,1,1
1,0,Mouanse,0,Akkar,0,0,1,0,0,0,0,3,0,1,3,1,1
1,1,Mrah El-Hbasse,1,South_Governorate,0,0,0,0,0,1,0,0,0,1,3,0,1
1,2,Mrayjat Zahleh,1,Zahle,0,0,0,0,0,1,0,0,0,1,3,0,1
1,10,Mtayleb,1,Matn,0,0,0,0,0,1,0,0,0,1,3,0,1
1,1,Nabha Ed-Damdoum,1,Baalbek-Hermel,1,0,0,0,0,1,0,0,0,0,3,0,1
1,0,Nahleh Baalbek,0,Baalbek-Hermel,0,0,1,0,0,0,0,2,0,1,3,1,1
1,0,Nahr Ibrahim,0,Byblos,0,0,1,0,0,0,0,3,0,1,3,1,1
1,0,Najjariyeh,0,Sidon,0,0,1,0,0,0,0,3,0,1,3,1,1
1,1,Nakhleh,1,North_Governorate,0,0,0,0,0,1,0,0,0,1,3,0,1
1,2,Nmairiyeh,1,Nabatieh,0,0,0,0,0,1,1,0,0,1,3,0,1
1,1,Ouadi Banhlay,1,Mount Lebanon,1,0,0,0,0,1,0,0,0,0,3,0,1
1,0,Ouadi Chahrour Es-Soufla,0,Baabda,0,0,1,0,0,0,0,2,0,1,3,1,1
1,0,Ouadi El-Laymoun,0,South_Governorate,0,0,1,0,0,0,0,2,0,1,3,1,1
1,0,Qachlaq,0,Akkar,0,0,1,0,0,0,0,2,0,1,3,1,1
1,1,Qalhat,1,North_Governorate,0,0,0,0,0,1,0,0,0,1,3,0,1
1,1,Qarhaiya,1,MiniyehâDanniyeh,1,0,0,0,0,1,0,0,0,0,3,0,1
1,0,Qarsaita,0,MiniyehâDanniyeh,0,0,1,0,0,0,0,1,0,1,3,1,1
1,0,Qatrani,0,South_Governorate,0,0,1,0,0,0,0,2,0,1,3,1,1
1,1,Qattineh-Miniyeh,1,MiniyehâDanniyeh,0,0,0,0,0,1,0,0,0,1,3,0,1
1,5,Qlaiaa,1,Marjeyoun,1,0,0,0,0,1,0,0,0,0,3,0,1
1,2,Qobbayaa,1,Baabda,0,0,0,0,0,1,1,0,0,1,3,0,1
1,0,Qornet Aakkar,0,Akkar,0,0,1,0,0,0,0,6,0,1,3,1,1
1,0,Qortada,0,Baabda,0,0,1,0,0,0,0,2,0,1,3,1,1
1,1,Qoussaya,1,Zahle,0,0,0,0,0,1,0,0,0,1,3,0,1
1,1,Raachine,1,Keserwan,0,0,0,0,0,1,0,0,0,1,3,0,1
1,0,Rafid Rachaya,0,Beqaa,0,0,1,0,0,0,0,0,0,1,3,1,1
1,0,Ras El-Href,0,Baabda,0,0,1,0,0,0,0,2,0,1,3,1,1
1,1,Rechdibbine,1,North_Governorate,0,0,0,0,0,1,0,0,0,1,3,0,1
1,7,Richmaiya,1,Aley,0,0,0,0,0,1,0,0,0,1,3,0,1
0,0,Rihana,1,Byblos,0,0,1,1,1,0,0,0,0,1,3,0,1
1,1,Rihaniyet Aakkar,1,Akkar,0,0,0,0,0,1,0,0,0,1,3,0,1
1,0,Rmadiyeh,0,Tyre,0,0,1,0,0,0,0,4,0,1,3,1,1
1,2,Roumieh,1,Matn,0,0,0,0,0,1,0,0,0,1,3,0,1
1,0,Saadnayel,0,Zahle,0,0,1,0,0,0,0,6,0,1,3,1,1
1,0,Saouanet Marjayoun,0,Marjeyoun,0,0,1,0,0,0,0,2,0,1,3,1,1
1,1,Sfinet Ed-Draib,1,Akkar,0,0,0,0,0,1,0,0,0,1,3,0,1
1,0,Sfireh,0,MiniyehâDanniyeh,0,0,1,0,0,0,0,7,0,1,3,1,1
1,1,Soltan Yacoub el Aradi,1,Western_Beqaa,0,0,0,0,0,1,0,0,0,1,3,0,1
1,4,Srifa,1,Tyre,0,0,0,0,0,1,0,0,0,1,3,0,1
1,4,Taalbaya,1,Zahle,0,0,0,0,0,1,0,0,0,1,3,0,1
1,0,Taibet Baalbek,0,Baalbek-Hermel,1,0,1,0,0,0,0,2,0,0,3,1,1
1,3,Tannoura,1,Beqaa,0,0,0,0,0,1,0,0,0,1,3,0,1
1,0,Taraiya,0,Baalbek-Hermel,0,0,1,0,0,0,0,2,0,1,3,1,1
1,2,Tawfiqiya,1,Baalbek-Hermel,0,0,0,0,0,1,0,0,0,1,3,0,1
1,0,Tayr Falsay,0,Tyre,0,0,1,0,0,0,0,3,0,0,3,1,1
1,3,Temnine El-Faouqa,1,Baalbek-Hermel,0,0,0,0,0,1,0,0,0,1,3,0,1
1,3,Tibnine,1,Jbeil,0,0,0,0,0,1,0,0,0,1,3,0,1
1,0,Toura,0,Tyre,0,0,1,0,0,0,0,5,0,1,3,1,1
1,0,Yanouh Sour,0,Tyre,0,0,1,0,0,0,0,1,0,0,3,1,1
1,0,Yaroun,0,Jbeil,1,0,1,0,0,0,0,1,0,0,3,1,1
1,0,Zaitoun,0,Keserwan,1,0,1,0,0,0,0,1,0,0,3,1,1
1,1,Zakrit,1,Matn,0,0,0,0,0,1,0,0,0,1,3,0,1
1,1,Zandouqa,1,Baabda,1,0,0,0,0,1,0,0,0,0,3,0,1
1,0,Zaoutar Ech-Charqiyeh,0,Nabatieh,0,0,1,0,0,0,0,1,0,1,3,1,1
1,0,Zebdine,0,Byblos,1,0,1,0,0,0,0,1,0,0,3,1,1
1,2,Zibdine En-Nabatiyeh,1,Nabatieh,0,0,0,0,0,1,0,0,0,1,3,0,1
1,0,Zouarib,0,Akkar,0,0,1,0,0,0,0,2,0,1,3,1,1
1,0,Zouq El Hosniyeh,0,Akkar,0,0,1,0,0,0,0,3,0,1,3,1,1
1,1,aain Aalaq,1,Matn,0,0,0,0,0,1,0,0,0,0,3,0,1
1,2,hadtoun,1,Batroun,0,0,0,0,0,1,0,0,0,1,3,0,1
1,0,Aaynata Baalbek,1,Baalbek-Hermel,0,5,1,0,0,0,1,0,1,1,1,0,0
1,0,Behnine,1,South_Governorate,1,1,1,0,0,0,1,0,1,0,1,0,0
1,0,Brih,1,Mount Lebanon,1,3,1,0,0,0,0,0,1,0,1,0,0
1,0,Btekhnay,1,Baabda,0,10,1,0,0,0,0,0,1,1,1,0,0
1,0,Fatre,1,Byblos,0,10,1,0,0,0,0,0,1,1,1,0,0
1,0,Helouet Rachaya,1,Beqaa,0,2,1,0,0,0,0,0,1,1,1,0,0
1,0,Ijbaa,1,Zgharta,0,3,1,0,0,0,0,0,1,1,1,0,0
1,0,Jenjlaya,1,Sidon,0,1,1,0,0,0,0,0,1,1,1,0,0
1,0,Jernaya,1,South_Governorate,0,1,1,0,0,0,0,0,1,1,1,0,0
1,0,Kfoun,1,Byblos,1,8,1,0,0,0,0,0,1,0,1,0,0
1,0,Kharbe,1,Byblos,0,2,1,0,0,0,0,0,1,1,1,0,0
1,0,Khat el Petrol,1,Akkar,0,1,1,0,0,0,0,0,1,1,1,0,0
1,0,Kour,0,Batroun,0,1,1,0,0,0,0,0,1,1,1,0,0
1,0,Mazraat Bani Sakher,1,Akkar,0,3,1,0,0,0,0,0,1,1,1,0,0
1,0,Mristi,1,Mount Lebanon,1,0,1,0,0,0,1,0,1,0,1,0,0
1,0,Nasriyet Zahleh,1,Zahle,0,5,1,0,0,0,0,0,1,1,1,0,0
1,0,Qaouzah,1,Jbeil,0,3,1,0,0,0,0,0,1,1,1,0,0
1,0,Qnat,1,Bsharri,0,1,1,0,0,0,0,0,1,1,1,0,0
1,0,Ramyet Bent Jbeil,1,Jbeil,0,2,1,0,0,0,0,0,1,1,1,0,0
1,0,Rawda Village,1,MiniyehâDanniyeh,0,4,1,0,0,0,0,0,1,1,1,0,0
0,0,Rimhala,1,Aley,1,0,0,0,0,0,1,0,1,0,1,0,0
1,0,Rouayssrt El-Ballout,1,Baabda,1,1,1,0,0,0,1,0,1,0,1,0,0
1,0,Sebaal Zgharta,1,Zgharta,1,4,1,0,0,0,0,0,1,0,1,0,0
1,0,Sirhmoul,1,Aley,1,2,1,0,0,0,0,0,1,0,1,0,0
0,0,A'ain El-Mir (El Establ),0,South_Governorate,0,0,0,0,0,0,0,0,0,0,0,0,0
1,0,AAridet Cheikh Zennad,1,Akkar,0,0,1,0,0,0,0,0,0,1,0,0,1
1,0,Aaba,1,North_Governorate,0,0,1,0,0,0,0,0,0,1,0,0,1
0,0,Aabba,0,Nabatieh,0,0,0,0,0,0,0,0,0,0,0,0,0
0,0,Aadchit Ech-Chqif,0,Nabatieh,0,0,0,0,0,0,0,0,0,0,0,0,0
1,0,Aadchit El-Qoussair,1,Marjeyoun,0,0,1,0,0,0,0,0,0,1,0,0,1
1,0,Aadoussiyeh,1,Sidon,0,0,1,0,0,0,0,0,0,1,0,0,1
1,0,Aain Aanoub,1,Aley,0,0,1,0,0,0,0,0,0,1,0,0,1
1,0,Aain Aarab Rachaya,1,Beqaa,1,0,1,0,0,0,1,0,0,0,0,0,1
0,0,Aain Dara,0,Aley,0,0,0,0,0,0,0,0,0,0,0,0,0
1,0,Aain Ed-Delb,1,Sidon,1,0,1,0,0,0,0,0,0,0,0,0,1
1,0,Aain Ed-Delbe,1,Byblos,0,0,1,0,0,0,0,0,0,1,0,0,1
1,0,Aain El-Ghouaybeh,1,Byblos,1,0,1,0,0,0,0,0,0,0,0,0,1
1,0,Aain El-Qabu,1,Matn,0,0,1,0,0,0,0,0,0,1,0,0,1
0,0,Aain Er-Rihane,0,Keserwan,0,0,0,0,0,0,0,0,0,0,0,0,0
1,0,Aain Et-Teffaha,1,Matn,0,0,1,0,0,0,0,0,0,1,0,0,1
1,0,Aain Fraidis,1,Aley,0,0,1,0,0,0,0,0,0,1,0,0,1
1,0,Aain Harsha,1,Beqaa,0,0,1,0,0,0,0,0,0,1,0,0,1
1,0,Aain Jrain,1,Byblos,1,0,1,0,0,0,0,0,0,0,0,0,1
1,0,Aain Kfaa,1,Byblos,0,0,1,0,0,0,0,0,0,1,0,0,1
1,0,Aain Ksour,1,Aley,0,0,1,0,0,0,0,0,0,1,0,0,1
1,0,Aain Mouaffaq,1,Baabda,0,0,1,0,0,0,0,0,0,1,0,0,1
0,0,Aain Qana,0,Nabatieh,0,0,0,0,0,0,0,0,0,0,0,0,0
1,0,Aain Qania,1,Mount Lebanon,0,0,1,0,0,0,0,0,0,1,0,0,1
1,0,Aain Qinia,1,Hasbaya,0,0,1,0,0,0,0,0,0,1,0,0,1
0,0,Aain Saadeh,0,Matn,0,0,0,0,0,0,0,0,0,1,0,0,0
1,0,Aain Traz,1,Aley,1,0,1,0,0,0,0,0,0,0,0,0,1
1,0,Aain Yaaqoub,1,Akkar,1,0,1,0,0,0,0,0,0,0,0,0,1
1,0,Aain challal,1,Byblos,0,0,1,0,0,0,0,0,0,1,0,0,1
0,0,Aainbal,0,Mount Lebanon,0,0,0,0,0,0,0,0,0,0,0,0,0
0,0,Aajaltoun,0,Keserwan,0,0,0,0,0,0,0,0,0,0,0,0,0
1,0,Aalman,1,Marjeyoun,0,0,1,0,0,0,0,0,0,1,0,0,1
1,0,Aaouaainat Aakkar,1,Akkar,0,0,1,0,0,0,0,0,0,1,0,0,1
1,0,Aaqabet Rachaya,1,Beqaa,0,0,1,0,0,0,0,0,0,1,0,0,1
1,0,Aaqtanit,1,Sidon,0,0,1,0,0,0,0,0,0,1,0,0,1
0,0,Aarab Ej-Jall,0,Sidon,0,0,0,0,0,0,0,0,0,0,0,0,0
1,0,Aaramta,1,South_Governorate,0,0,1,0,0,0,0,0,0,1,0,0,1
1,0,Aaray,1,South_Governorate,0,0,1,0,0,0,0,0,0,1,0,0,1
0,0,Aarbaniyeh,0,Baabda,0,0,0,0,0,0,0,0,0,0,0,0,0
1,0,Aarqa,1,Akkar,0,0,1,0,0,0,0,0,0,1,0,0,1
0,0,Aarsal,0,Baalbek-Hermel,0,0,0,0,0,0,0,0,0,1,0,0,0
1,0,Aatchaneh,1,Matn,0,0,1,0,0,0,0,0,0,1,0,0,1
1,0,Aathrine,1,Mount Lebanon,0,0,1,0,0,0,0,0,0,1,0,0,1
1,0,Aayha,1,Beqaa,1,0,1,0,0,0,0,0,0,0,0,0,1
0,0,Aaynab,0,Aley,0,0,0,0,0,0,0,0,0,0,0,0,0
1,0,Aayoun El-Ghizlane,1,Akkar,1,0,1,0,0,0,1,0,0,0,0,0,1
1,0,Aayoun El-Matn,1,Matn,0,0,1,0,0,0,0,0,0,1,0,0,1
1,0,Aayroun,1,Matn,0,0,1,0,0,0,0,0,0,1,0,0,1
1,0,Aaytit,1,Tyre,1,0,1,0,0,0,1,0,0,0,0,0,1
0,0,Aazzi,0,Nabatieh,0,0,0,0,0,0,0,0,0,0,0,0,0
0,0,Abou Mizan,0,Matn,0,0,0,0,0,0,0,0,0,0,0,0,0
0,0,Adma Oua Dafine,0,Keserwan,0,0,0,0,0,0,0,0,0,0,0,0,0
0,0,Adonis,0,Byblos,0,0,0,0,0,0,0,0,0,0,0,0,0
1,0,Ain Aakrine,1,North_Governorate,0,0,1,0,0,0,0,0,0,1,0,0,1
0,0,Aintoura El-Matn,0,Matn,0,0,0,0,0,0,0,0,0,0,0,0,0
1,0,Aintourine,1,Zgharta,0,0,1,0,0,0,0,0,0,1,0,0,1
0,0,Aitaroun,0,Jbeil,0,0,0,0,0,0,0,0,0,0,0,0,0
1,0,Ansar Baalbeck,1,Baalbek-Hermel,0,0,1,0,0,0,0,0,0,1,0,0,1
1,0,Arsoun,1,Baabda,0,0,1,0,0,0,0,0,0,1,0,0,1
1,0,Arzoun,1,Tyre,0,0,1,0,0,0,0,0,0,1,0,0,1
1,0,Asnoun,1,Zgharta,0,0,1,0,0,0,0,0,0,1,0,0,1
0,0,Baabda-Louaizi,0,Baabda,0,0,0,0,0,0,0,0,0,0,0,0,0
0,0,Baabdat,0,Matn,0,0,0,0,0,0,0,0,0,0,0,0,0
0,0,Baalchmay,0,Baabda,0,0,0,0,0,0,0,0,0,0,0,0,0
1,0,Baaloul West Bekaa,1,Western_Beqaa,0,0,1,0,0,0,0,0,0,1,0,0,1
1,0,Baassir,1,Mount Lebanon,0,0,1,0,0,0,0,0,0,1,0,0,1
0,0,Badbhoun,0,North_Governorate,0,0,0,0,0,0,0,0,0,0,0,0,0
1,0,Bahbouch,1,North_Governorate,0,0,1,0,0,0,0,0,0,1,0,0,1
1,0,Baisour Jezzine,1,South_Governorate,0,0,1,0,0,0,0,0,0,1,0,0,1
1,0,Bakka,1,Beqaa,0,0,1,0,0,0,0,0,0,1,0,0,1
1,0,Bakkifac Rachaya,1,Beqaa,0,0,1,0,0,0,0,0,0,1,0,0,1
1,0,Bany haiyane,1,Marjeyoun,1,0,1,0,0,0,0,0,0,0,0,0,1
0,0,Baouchriyeh el Sad,0,Matn,0,0,0,0,0,0,0,0,0,0,0,0,0
0,0,Baraachit,0,Jbeil,0,0,0,0,0,0,0,0,0,0,0,0,0
1,0,Barghoun,1,North_Governorate,1,0,1,0,0,0,0,0,0,0,0,0,1
0,0,Barqa,0,Baalbek-Hermel,0,0,0,0,0,0,0,0,0,0,0,0,0
1,0,Barsa,1,North_Governorate,0,0,1,0,0,0,0,0,0,1,0,0,1
0,0,Bater,0,Mount Lebanon,0,0,0,0,0,0,0,0,0,0,0,0,0
1,0,Batroumine,1,North_Governorate,0,0,1,0,0,0,0,0,0,1,0,0,1
1,0,Bayzoun,1,Byblos,0,0,1,0,0,0,0,0,0,1,0,0,1
0,0,Bazouriyeh,0,Tyre,0,0,0,0,0,0,0,0,0,0,0,0,0
0,0,Bchamoun,0,Aley,0,0,0,0,0,0,0,0,0,1,0,0,0
1,0,Bchannine,1,Zgharta,0,0,1,0,0,0,0,0,0,1,0,0,1
1,0,Bdebba,1,North_Governorate,0,0,1,0,0,0,0,0,0,1,0,0,1
1,0,Bechmizzine,1,North_Governorate,0,0,1,0,0,0,1,0,0,1,0,0,1
0,0,Beddaoui,0,Tripoli,0,0,0,0,0,0,0,0,0,0,0,0,0
1,0,Bedghan Oua Ouadi Bedghan,1,Aley,0,0,1,0,0,0,0,0,0,1,0,0,1
0,0,Bedias,0,Tyre,0,0,0,0,0,0,0,0,0,0,0,0,0
1,0,Behdaydat,1,Byblos,1,0,1,0,0,0,1,0,0,0,0,0,1
1,0,Beit Chama,1,Baalbek-Hermel,0,0,1,0,0,0,0,0,0,1,0,0,1
1,0,Beit El Haj,1,Akkar,0,0,1,0,0,0,0,0,0,1,0,0,1
1,0,Beit El-Faqs,1,MiniyehâDanniyeh,0,0,1,0,0,0,0,0,0,1,0,0,1
1,0,Beit El-Haouch,1,Akkar,0,0,1,0,0,0,0,0,0,1,0,0,1
1,0,Beit Haouik,1,MiniyehâDanniyeh,0,0,1,0,0,0,0,0,0,1,0,0,1
1,0,Beit Hbaq,1,Byblos,0,0,1,0,0,0,0,0,0,1,0,0,1
1,0,Beit Lahia,1,Beqaa,0,0,1,0,0,0,0,0,0,1,0,0,1
1,0,Beit Monzer,1,Bsharri,0,0,1,0,0,0,0,0,0,1,0,0,1
0,0,Beit Yahoun,0,Jbeil,0,0,0,0,0,0,0,0,0,0,0,0,0
1,0,Beit Younes,1,Akkar,0,0,1,0,0,0,0,0,0,1,0,0,1
0,0,Bejjeh,0,Byblos,0,0,0,0,0,0,0,0,0,1,0,0,0
1,0,Bekhaaz,1,Byblos,0,0,1,0,0,0,0,0,0,1,0,0,1
1,0,Benouati Jezzine,1,South_Governorate,0,0,1,0,0,0,0,0,0,1,0,0,1
0,0,Beqaata Aachqout,0,Keserwan,0,0,0,0,0,0,0,0,0,0,0,0,0
1,0,Beqaata Kanaan,1,Keserwan,0,0,1,0,0,0,0,0,0,1,0,0,1
1,0,Berbara Aakkar,1,Akkar,0,0,1,0,0,0,0,0,0,1,0,0,1
0,0,Berhalioun,0,Bsharri,0,0,0,0,0,0,0,0,0,0,0,0,0
0,0,Berti,0,Sidon,0,0,0,0,0,0,0,0,0,0,0,0,0
1,0,Beslouqit,1,Zgharta,1,0,1,0,0,0,0,0,0,0,0,0,1
1,0,Bestiyat,1,Tyre,0,0,1,0,0,0,0,0,0,1,0,0,1
0,0,Bhamdoun Ed-Dayaa,0,Aley,0,0,0,0,0,0,0,0,0,0,0,0,0
0,0,Bikfaya,0,Matn,0,0,0,0,0,0,0,0,0,1,0,0,0
1,0,Binnay,1,Aley,1,0,1,0,0,0,0,0,0,0,0,0,1
1,0,Bintaael,1,Byblos,1,0,1,0,0,0,0,0,0,0,0,0,1
1,0,Biret Rachaya,1,Beqaa,1,0,1,0,0,0,0,0,0,0,0,0,1
1,0,Bisrin,1,Aley,0,0,1,0,0,0,0,0,0,1,0,0,1
0,0,Biyad,0,Tyre,0,0,0,0,0,0,0,0,0,0,0,0,0
1,0,Bkeftine,1,North_Governorate,0,0,1,0,0,0,0,0,0,1,0,0,1
1,0,Bkhichtay,1,Aley,0,0,1,0,0,0,0,0,0,1,0,0,1
1,0,Blat Marjaayoun,1,Marjeyoun,1,0,1,0,0,0,0,0,0,0,0,0,1
1,0,Blida,1,Marjeyoun,1,0,1,0,0,0,1,0,0,0,0,0,1
1,0,Bnaafoul,1,Sidon,0,0,1,0,0,0,0,0,0,1,0,0,1
1,0,Bnehran,1,North_Governorate,0,0,1,0,0,0,0,0,0,1,0,0,1
1,0,Bnoueiti,1,Mount Lebanon,0,0,1,0,0,0,0,0,0,1,0,0,1
0,0,Bohayra,0,Zgharta,0,0,0,0,0,0,0,0,0,0,0,0,0
1,0,Bohwara,1,Aley,0,0,1,0,0,0,0,0,0,1,0,0,1
1,0,Borj El-Yahoudiyeh,1,MiniyehâDanniyeh,0,0,1,0,0,0,0,0,0,1,0,0,1
0,0,Borj qalaouiyeh,0,Jbeil,0,0,0,0,0,0,0,0,0,0,0,0,0
1,0,Botmeh,1,Mount Lebanon,0,0,1,0,0,0,0,0,0,1,0,0,1
0,0,Boulhos,0,Byblos,0,0,0,0,0,0,0,0,0,0,0,0,0
0,0,Bourj Hammoud,0,Matn,0,0,0,0,0,0,0,0,0,0,0,0,0
1,0,Boustane,1,Tyre,0,0,1,0,0,0,0,0,0,1,0,0,1
1,0,Boustane Heresh,1,Akkar,0,0,1,0,0,0,0,0,0,1,0,0,1
1,0,Boutchay,1,Baabda,0,0,1,0,0,0,0,0,0,1,0,0,1
0,0,Bqarsouna,0,MiniyehâDanniyeh,0,0,0,0,0,0,0,0,0,0,0,0,0
0,0,Broummana El-Matn,0,Matn,0,0,0,0,0,0,0,0,0,0,0,0,0
1,0,Bsalya,1,South_Governorate,1,0,1,0,0,0,0,0,0,0,0,0,1
0,0,Bsous,0,Aley,0,0,0,0,0,0,0,0,0,0,0,0,0
1,0,Btaaboura,1,North_Governorate,0,0,1,0,0,0,0,0,0,1,0,0,1
0,0,Btater,0,Aley,0,0,0,0,0,0,0,0,0,0,0,0,0
1,0,Btedaai,1,Baalbek-Hermel,0,0,1,0,0,0,0,0,0,1,0,0,1
1,0,Byaqout,1,Matn,0,0,1,0,0,0,0,0,0,1,0,0,1
1,0,Bziza,1,North_Governorate,0,0,1,0,0,0,1,0,0,1,0,0,1
0,0,Chaat,0,Baalbek-Hermel,0,0,0,0,0,0,0,0,0,0,0,0,0
0,0,Chahtoul,0,Keserwan,0,0,0,0,0,0,0,0,0,0,0,0,0
0,0,Chamaa,0,Tyre,0,0,0,0,0,0,0,0,0,0,0,0,0
1,0,Chamate,1,Byblos,0,0,1,0,0,0,0,0,0,1,0,0,1
0,0,Chaouiyeh,0,Matn,0,0,0,0,0,0,0,0,0,0,0,0,0
1,0,Charbine El-Hermel,1,Hermel,0,0,1,0,0,0,0,0,0,1,0,0,1
1,0,Chartoun,1,Aley,1,0,1,0,0,0,0,0,0,0,0,0,1
1,0,Chehabiyeh Faour,1,Zahle,1,0,1,0,0,0,0,0,0,0,0,0,1
0,0,Chehour,0,Tyre,0,0,0,0,0,0,0,0,0,0,0,0,0
1,0,Cheikh Ayash,1,Akkar,0,0,1,0,0,0,0,0,0,1,0,0,1
1,0,Cheikh Taba,1,Akkar,0,0,1,0,0,0,0,0,0,1,0,0,1
1,0,Cheikh Zennad,1,Akkar,0,0,1,0,0,0,0,0,0,1,0,0,1
1,0,Chihine,1,Tyre,0,0,1,0,0,0,0,0,0,1,0,0,1
1,0,Chikhane,1,Byblos,0,0,1,0,0,0,0,0,0,1,0,0,1
0,0,Chikka,0,Batroun,0,0,0,0,0,0,0,0,0,0,0,0,0
0,0,Chmistar,0,Baalbek-Hermel,0,0,0,0,0,0,0,0,0,0,0,0,0
1,0,Chnanaair,1,Keserwan,0,0,1,0,0,0,0,0,0,1,0,0,1
0,0,Chouaya Maten,0,Matn,0,0,0,0,0,0,0,0,0,0,0,0,0
1,0,Chouit,1,Baabda,1,0,1,0,0,0,0,0,0,0,0,0,1
1,0,Chourit,1,Mount Lebanon,0,0,1,0,0,0,0,0,0,1,0,0,1
1,0,Daghleh,1,Akkar,0,0,1,0,0,0,0,0,0,1,0,0,1
0,0,Dahr El-Maghara,0,Mount Lebanon,0,0,0,0,0,0,0,0,0,0,0,0,0
1,0,Dahr El-Qanbar,1,Akkar,0,0,1,0,0,0,0,0,0,1,0,0,1
0,0,Damalsa,0,Byblos,0,0,0,0,0,0,0,0,0,0,0,0,0
1,0,Daoura,1,Akkar,0,0,1,0,0,0,0,0,0,1,0,0,1
0,0,Daqqoun,0,Aley,0,0,0,0,0,0,0,0,0,0,0,0,0
1,0,Dar Baaechtar,1,North_Governorate,0,0,1,0,0,0,0,0,0,1,0,0,1
1,0,Dar Chmizzine,1,North_Governorate,0,0,1,0,0,0,0,0,0,1,0,0,1
0,0,Daraaoun,0,Keserwan,0,0,0,0,0,0,0,0,0,0,0,0,0
1,0,Daraiya Kesrouane,1,Keserwan,1,0,1,0,0,0,0,0,0,0,0,0,1
0,0,Darb Es-Sim,0,Sidon,0,0,0,0,0,0,0,0,0,0,0,0,0
1,0,Darine,1,Akkar,0,0,1,0,0,0,0,0,0,1,0,0,1
0,0,Dayshouniyi,0,Matn,0,0,0,0,0,0,0,0,0,0,0,0,0
1,0,Debaal Menie,1,MiniyehâDanniyeh,0,0,1,0,0,0,0,0,0,1,0,0,1
0,0,Debaal Sour,0,Tyre,0,0,0,0,0,0,0,0,0,0,0,0,0
1,0,Deir Aames,1,Tyre,0,0,1,0,0,0,0,0,0,1,0,0,1
1,0,Deir Baba,1,Mount Lebanon,0,0,1,0,0,0,0,0,0,1,0,0,1
1,0,Deir Chamra,1,Matn,0,0,1,0,0,0,0,0,0,1,0,0,1
1,0,Deir El-Aachayer,1,Beqaa,1,0,1,0,0,0,1,0,0,0,0,0,1
0,0,Deir Ez-Zahrani,0,Nabatieh,0,0,0,0,0,0,0,0,0,0,0,0,0
1,0,Deir Kifa,1,Tyre,0,0,1,0,0,0,0,0,0,1,0,0,1
1,0,Deir Mimas,1,Marjeyoun,1,0,1,0,0,0,0,0,0,0,0,0,1
1,0,Deir Nbouh,1,MiniyehâDanniyeh,0,0,1,0,0,0,0,0,0,1,0,0,1
0,0,Deir Qoubel,0,Aley,0,0,0,0,0,0,0,0,0,0,0,0,0
0,0,Dekouaneh,0,Matn,0,0,0,0,0,0,0,0,0,0,0,0,0
1,0,Derdaghaiya,1,Tyre,1,0,1,0,0,0,1,0,0,0,0,0,1
0,0,Dfoun,0,Aley,0,0,0,0,0,0,0,0,0,0,0,0,0
1,0,Dhayra,1,Tyre,0,0,1,0,0,0,0,0,0,1,0,0,1
1,0,Dibbine,1,Marjeyoun,0,0,1,0,0,0,0,0,0,1,0,0,1
1,0,Dik El-Mehdi,1,Matn,0,0,1,0,0,0,0,0,0,1,0,0,1
0,0,Dlebta,0,Keserwan,0,0,0,0,0,0,0,0,0,0,0,0,0
1,0,Douair Aadouiyeh,1,Akkar,0,0,1,0,0,0,0,0,0,1,0,0,1
0,0,Douair En-Nabatiyeh,0,Nabatieh,0,0,0,0,0,0,0,0,0,0,0,0,0
1,0,El Ain,1,Baalbek-Hermel,0,0,1,0,0,0,0,0,0,1,0,0,1
1,0,El Ghabe,1,Matn,0,0,1,0,0,0,1,0,0,1,0,0,1
1,0,El Kfeir,1,Hasbaya,1,0,1,0,0,0,0,0,0,0,0,0,1
1,0,El Marej,1,Western_Beqaa,0,0,1,0,0,0,0,0,0,0,0,0,1
1,0,En-Nahriyyi,1,Akkar,1,0,1,0,0,0,0,0,0,0,0,0,1
0,0,Erkay,0,Sidon,0,0,0,0,0,0,0,0,0,0,0,0,0
0,0,Falougha,0,Baabda,0,0,0,0,0,0,0,0,0,0,0,0,0
1,0,Fard,1,Akkar,0,0,1,0,0,0,0,0,0,1,0,0,1
0,0,Faytroun,0,Keserwan,0,0,0,0,0,0,0,0,0,0,0,0,0
1,0,Ferhet,1,Byblos,0,0,1,0,0,0,0,0,0,1,0,0,1
1,0,Fisan,1,Hermel,0,0,1,0,0,0,0,0,0,1,0,0,1
0,0,Fourzol,0,Zahle,0,0,0,0,0,0,0,0,0,0,0,0,0
1,0,Fraikeh,1,Matn,1,0,1,0,0,0,0,0,0,0,0,0,1
1,0,Froun,1,Jbeil,0,0,1,0,0,0,0,0,0,1,0,0,1
1,0,Ghabat,1,Byblos,0,0,1,0,0,0,0,0,0,1,0,0,1
1,0,Ghaboune,1,Aley,0,0,1,0,0,0,0,0,0,1,0,0,1
1,0,Gharzouz,1,Byblos,0,0,1,0,0,0,0,0,0,1,0,0,1
1,0,Ghassaniyeh,1,Sidon,0,0,1,0,0,0,0,0,0,1,0,0,1
1,0,Ghazayleh,1,Akkar,1,0,1,0,0,0,0,0,0,0,0,0,1
0,0,Ghazir,0,Keserwan,0,0,0,0,0,0,0,0,0,1,0,0,0
1,0,Ghbatiyeh,1,South_Governorate,0,0,1,0,0,0,0,0,0,1,0,0,1
0,0,Habil,0,Byblos,0,0,0,0,0,0,0,0,0,0,0,0,0
0,0,Hadath Baalback,0,Baalbek-Hermel,0,0,0,0,0,0,0,0,0,0,0,0,0
1,0,Hadchit,1,Bsharri,0,0,1,0,0,0,0,0,0,1,0,0,1
0,0,Haddatha,0,Jbeil,0,0,0,0,0,0,0,0,0,0,0,0,0
1,0,Hakel,1,Byblos,0,0,1,0,0,0,0,0,0,1,0,0,1
1,0,Halate,1,Byblos,0,0,1,0,0,0,0,0,0,1,0,0,1
1,0,Halbata,1,Baalbek-Hermel,0,0,1,0,0,0,0,0,0,1,0,0,1
1,0,Halloussiyeh,1,Tyre,0,0,1,0,0,0,0,0,0,1,0,0,1
0,0,Hanine,0,Jbeil,0,0,0,0,0,0,0,0,0,0,0,0,0
1,0,Haouch El Qinnabeh Rachaya,1,Beqaa,1,0,1,0,0,0,0,0,0,0,0,0,1
1,0,Haouch El-Harime,1,Western_Beqaa,0,0,1,0,0,0,0,0,0,0,0,0,1
1,0,Haouch En-Nabi,1,Baalbek-Hermel,0,0,1,0,0,0,0,0,0,1,0,0,1
0,0,Haouch Snaid,0,Baalbek-Hermel,0,0,0,0,0,0,0,0,0,0,0,0,0
1,0,Haouche Barada,1,Baalbek-Hermel,0,0,1,0,0,0,0,0,0,1,0,0,1
1,0,Haql el Aazimeh,1,MiniyehâDanniyeh,0,0,1,0,0,0,0,0,0,1,0,0,1
1,0,Harabta,1,Baalbek-Hermel,0,0,1,0,0,0,0,0,0,1,0,0,1
1,0,Haret Es-Sit,1,Baabda,0,0,1,0,0,0,0,0,0,1,0,0,1
1,0,Haret Fouar,1,Zgharta,0,0,1,0,0,0,0,0,0,1,0,0,1
1,0,Harf,1,South_Governorate,0,0,1,0,0,0,0,0,0,1,0,0,1
0,0,Haris,0,Jbeil,0,0,0,0,0,0,0,0,0,0,0,0,0
1,0,Hasbaiya El-Matn,1,Baabda,0,0,1,0,0,0,0,0,0,1,0,0,1
0,0,Hasrout,0,Mount Lebanon,0,0,0,0,0,0,0,0,0,0,0,0,0
1,0,Hayshe,1,Akkar,0,0,1,0,0,0,0,0,0,1,0,0,1
1,0,Haytla,1,Akkar,0,0,1,0,0,0,0,0,0,1,0,0,1
0,0,Hazerta,0,Zahle,0,0,0,0,0,0,0,0,0,0,0,0,0
0,0,Hazmiyah,0,Baabda,0,0,0,0,0,0,0,0,0,0,0,0,0
1,0,Hdeine,1,Byblos,0,0,1,0,0,0,0,0,0,1,0,0,1
0,0,Henniyeh,0,Tyre,0,0,0,0,0,0,0,0,0,0,0,0,0
1,0,Hidab,1,South_Governorate,1,0,1,0,0,0,0,0,0,0,0,0,1
0,0,Himlaya,0,Matn,0,0,0,0,0,0,0,0,0,0,0,0,0
1,0,Hizzine,1,Baalbek-Hermel,0,0,1,0,0,0,0,0,0,1,0,0,1
1,0,Hjoula,1,Byblos,1,0,1,0,0,0,0,0,0,0,0,0,1
0,0,Hlaliyeh Saida,0,Sidon,0,0,0,0,0,0,0,0,0,1,0,0,0
1,0,Hmairi Sour,1,Tyre,0,0,1,0,0,0,0,0,0,1,0,0,1
0,0,Homsiyeh,0,South_Governorate,0,0,0,0,0,0,0,0,0,0,0,0,0
1,0,Houaich,1,Akkar,1,0,1,0,0,0,0,0,0,0,0,0,1
0,0,Houla,0,Marjeyoun,0,0,0,0,0,0,0,0,0,0,0,0,0
1,0,Howara,1,MiniyehâDanniyeh,1,0,1,0,0,0,0,0,0,0,0,0,1
0,0,Hrajel,0,Keserwan,0,0,0,0,0,0,0,0,0,0,0,0,0
1,0,Hsarat,1,Byblos,0,0,1,0,0,0,0,0,0,1,0,0,1
1,0,Hsayn,1,Keserwan,0,0,1,0,0,0,0,0,0,1,0,0,1
0,0,Hsoun,0,Byblos,0,0,0,0,0,0,0,0,0,0,0,0,0
0,0,Jaaita,0,Keserwan,0,0,0,0,0,0,0,0,0,0,0,0,0
0,0,Jahliyeh,0,Mount Lebanon,0,0,0,0,0,0,0,0,0,0,0,0,0
0,0,Janneh Mar Sarkis,0,Byblos,0,0,0,0,0,0,0,0,0,0,0,0,0
1,0,Jbaa En-Nabatiyeh,1,Mount Lebanon,0,0,1,0,0,0,0,0,0,1,0,0,1
1,0,Jbouleh,1,Baalbek-Hermel,0,0,1,0,0,0,0,0,0,1,0,0,1
0,0,Jennata,0,Tyre,0,0,0,0,0,0,0,0,0,0,0,0,0
1,0,Jeoddayel Jbeil,1,Byblos,0,0,1,0,0,0,0,0,0,1,0,0,1
1,0,Jibchit,1,Nabatieh,0,0,1,0,0,0,0,0,0,1,0,0,1
1,0,Jmailiyeh,1,Mount Lebanon,0,0,1,0,0,0,0,0,0,1,0,0,1
0,0,Joun,0,Mount Lebanon,0,0,0,0,0,0,0,0,0,0,0,0,0
0,0,Jounie ,0,Keserwan,0,0,0,0,0,0,0,0,0,0,0,0,0
0,0,Jouret E-Tourmos,0,Keserwan,0,0,0,0,0,0,0,0,0,1,0,0,0
1,0,Kafr,1,Byblos,0,0,1,0,0,0,0,0,0,1,0,0,1
0,0,Kafr Hatna,0,Batroun,0,0,0,0,0,0,0,0,0,0,0,0,0
1,0,Kafr Jarrah,1,South_Governorate,0,0,1,0,0,0,0,0,0,1,0,0,1
1,0,Kafr horra,1,Zgharta,0,0,1,0,0,0,0,0,0,1,0,0,1
1,0,Kafrkida,1,Byblos,0,0,1,0,0,0,0,0,0,0,0,0,1
1,0,Kafrnoun,1,Akkar,0,0,1,0,0,0,0,0,0,1,0,0,1
1,0,Kafrya,1,Sidon,0,0,1,0,0,0,0,0,0,1,0,0,1
0,0,Kahhaleh,0,Aley,0,0,0,0,0,0,0,0,0,0,0,0,0
1,0,Kahlouniet Ech-Chouf,1,Mount Lebanon,1,0,1,0,0,0,0,0,0,0,0,0,1
1,0,Kaoukaba Bou Arab,1,Beqaa,0,0,1,0,0,0,0,0,0,1,0,0,1
0,0,Karkha,0,South_Governorate,0,0,0,0,0,0,0,0,0,0,0,0,0
1,0,Karm El-Mohr,1,MiniyehâDanniyeh,1,0,1,0,0,0,0,0,0,0,0,0,1
1,0,Karm Saddeh,1,Zgharta,0,0,1,0,0,0,0,0,0,1,0,0,1
1,0,Karm Zebdine,1,Akkar,0,0,1,0,0,0,0,0,0,1,0,0,1
1,0,Kfar Aamay,1,Aley,1,0,1,0,0,0,0,0,0,0,0,0,1
1,0,Kfar Beit,1,Sidon,0,0,1,0,0,0,0,0,0,1,0,0,1
1,0,Kfar Chellal,1,Sidon,0,0,1,0,0,0,1,0,0,1,0,0,1
1,0,Kfar Dane,1,Baalbek-Hermel,0,0,1,0,0,0,0,0,0,1,0,0,1
1,0,Kfar Hamam,1,Hasbaya,0,0,1,0,0,0,0,0,0,1,0,0,1
0,0,Kfar Heam,0,Mount Lebanon,0,0,0,0,0,0,0,0,0,0,0,0,0
0,0,Kfar Qatra,0,Mount Lebanon,0,0,0,0,0,0,0,0,0,0,0,0,0
1,0,Kfar Tay El-Matn,1,Matn,0,0,1,0,0,0,0,0,0,1,0,0,1
1,0,Kfar Tibnit,1,Nabatieh,0,0,1,0,0,0,0,0,0,1,0,0,1
1,0,Kfar michki,1,Beqaa,0,0,1,0,0,0,0,0,0,1,0,0,1
1,0,Kfaryachit,1,Zgharta,0,0,1,0,0,0,0,0,0,1,0,0,1
1,0,Kfarzaina,1,Zgharta,0,0,1,0,0,0,0,0,0,1,0,0,1
1,0,Kfour El-Aarbi,1,Batroun,1,0,1,0,0,0,0,0,0,0,0,0,1
1,0,Kharnoub,1,MiniyehâDanniyeh,0,0,1,0,0,0,0,0,0,1,0,0,1
1,0,Khartoum,1,Sidon,0,0,1,0,0,0,0,0,0,1,0,0,1
0,0,Khayayeb Saida,0,Sidon,0,0,0,0,0,0,0,0,0,0,0,0,0
0,0,Khereibet Ech-Chouf,0,Mount Lebanon,0,0,0,0,0,0,0,0,0,0,0,0,0
1,0,Khirbet Daoud Aakkar,1,Akkar,0,0,1,0,0,0,0,0,0,1,0,0,1
1,0,Khirbet Jord,1,Akkar,0,0,1,0,0,0,0,0,0,1,0,0,1
1,0,Khirbet Rouha,1,Beqaa,0,0,1,0,0,0,1,0,0,1,0,0,1
1,0,Khreibet Baabda,1,Baabda,1,0,1,0,0,0,0,0,0,0,0,0,1
1,0,Khzaiz,1,Sidon,0,0,1,0,0,0,0,0,0,0,0,0,1
1,0,Kleyleh,1,Mount Lebanon,0,0,1,0,0,0,0,0,0,1,0,0,1
1,0,Kneisset Aakkar,1,Akkar,0,0,1,0,0,0,0,0,0,1,0,0,1
1,0,Kneisset Ech-Chouf,1,Mount Lebanon,1,0,1,0,0,0,0,0,0,0,0,0,1
0,0,Kneisset Sour,0,Tyre,0,0,0,0,0,0,0,0,0,0,0,0,0
0,0,Laboueh,0,Baalbek-Hermel,0,0,0,0,0,0,0,0,0,0,0,0,0
0,0,Laqlouq,0,Byblos,0,0,0,0,0,0,0,0,0,1,0,0,0
0,0,Libbaya West Bekaa,0,Western_Beqaa,0,0,0,0,0,0,0,0,0,0,0,0,0
1,0,Louayzet Jezzine,1,South_Governorate,0,0,1,0,0,0,0,0,0,1,0,0,1
1,0,Maad,1,Byblos,1,0,1,0,0,0,1,0,0,0,0,0,1
1,0,Maarab,1,Keserwan,0,0,1,0,0,0,0,0,0,1,0,0,1
1,0,Maaraboun,1,Baalbek-Hermel,1,0,1,0,0,0,0,0,0,0,0,0,1
0,0,Maaroub,0,Tyre,0,0,0,0,0,0,0,0,0,0,0,0,0
1,0,Maasrati,1,Aley,1,0,1,0,0,0,0,0,0,0,0,0,1
0,0,Maasser Ech-Chouf,0,Mount Lebanon,0,0,0,0,0,0,0,0,0,0,0,0,0
1,0,Majdala,1,Akkar,0,0,1,0,0,0,0,0,0,1,0,0,1
1,0,Majdaloun,1,Baalbek-Hermel,0,0,1,0,0,0,0,0,0,1,0,0,1
1,0,Majdalouna,1,Mount Lebanon,0,0,1,0,0,0,0,0,0,1,0,0,1
1,0,Majdel Balhis,1,Beqaa,1,0,1,0,0,0,0,0,0,0,0,0,1
1,0,Majdel El-Meouch,1,Mount Lebanon,1,0,1,0,0,0,0,0,0,0,0,0,1
1,0,Majdel el-Koura,1,North_Governorate,1,0,1,0,0,0,1,0,0,0,0,0,1
0,0,Majdel tarchich,0,Matn,0,0,0,0,0,0,0,0,0,0,0,0,0
0,0,Mansouri,0,Tyre,0,0,0,0,0,0,0,0,0,1,0,0,0
1,0,Mar Mama,1,Batroun,0,0,1,0,0,0,0,0,0,1,0,0,1
0,0,Marj Barja,0,Mount Lebanon,0,0,0,0,0,0,0,0,0,0,0,0,0
0,0,Marjaba,0,Matn,0,0,0,0,0,0,0,0,0,0,0,0,0
1,0,Markaba,1,Marjeyoun,1,0,1,0,0,0,1,0,0,0,0,0,1
0,0,Maroun Er-Ras,0,Jbeil,0,0,0,0,0,0,0,0,0,0,0,0,0
1,0,Massa,1,Zahle,0,0,1,0,0,0,0,0,0,1,0,0,1
1,0,Mayasseh,1,Matn,0,0,1,0,0,0,0,0,0,1,0,0,1
1,0,Maydoun,1,Western_Beqaa,0,0,1,0,0,0,0,0,0,1,0,0,1
0,0,Mayfouq,0,Byblos,0,0,0,0,0,0,0,0,0,0,0,0,0
1,0,Mazraat Assaf,1,Bsharri,0,0,1,0,0,0,0,0,0,1,0,0,1
1,0,Mazraat Ech-Chouf,1,Mount Lebanon,0,0,1,0,0,0,1,0,0,1,0,0,1
0,0,Mazraat El-Mathane,0,South_Governorate,0,0,0,0,0,0,0,0,0,0,0,0,0
1,0,Mazraat Harkish,1,Zgharta,0,0,1,0,0,0,0,0,0,1,0,0,1
1,0,Mazraat Mechref,1,Tyre,0,0,1,0,0,0,0,0,0,1,0,0,1
1,0,Mazraat Swaidan,1,Baalbek-Hermel,0,0,1,0,0,0,0,0,0,1,0,0,1
1,0,Mazraat beit Mchaik,1,Baalbek-Hermel,0,0,1,0,0,0,0,0,0,1,0,0,1
0,0,Mchaneh,0,Byblos,0,0,0,0,0,0,0,0,0,0,0,0,0
1,0,Mcherfeh,1,Aley,0,0,1,0,0,0,0,0,0,1,0,0,1
0,0,Mchikha,0,Matn,0,0,0,0,0,0,0,0,0,0,0,0,0
1,0,Mdoukha,1,Beqaa,0,0,1,0,0,0,0,0,0,1,0,0,1
1,0,Mechref,1,Mount Lebanon,0,0,1,0,0,0,1,0,0,1,0,0,1
1,0,Mehmarch,1,Batroun,0,0,1,0,0,0,0,0,0,1,0,0,1
1,0,Meimes,1,Hasbaya,0,0,1,0,0,0,0,0,0,1,0,0,1
1,0,Mejdlaiya,1,Aley,1,0,1,0,0,0,0,0,0,0,0,0,1
1,0,Menneaa,1,Akkar,0,0,1,0,0,0,0,0,0,1,0,0,1
1,0,Merouahine,1,Tyre,0,0,1,0,0,0,0,0,0,1,0,0,1
1,0,Metrit,1,North_Governorate,1,0,1,0,0,0,0,0,0,0,0,0,1
0,0,Mghayreh Jbeil,0,Byblos,0,0,0,0,0,0,0,0,0,0,0,0,0
0,0,Mhaibib,0,Marjeyoun,0,0,0,0,0,0,0,0,0,0,0,0,0
1,0,Midane Jezzine,1,South_Governorate,0,0,1,0,0,0,0,0,0,1,0,0,1
1,0,Mlikh,1,South_Governorate,0,0,1,0,0,0,0,0,0,0,0,0,1
0,0,Mohtaqra,0,Mount Lebanon,0,0,0,0,0,0,0,0,0,0,0,0,0
1,0,Moshrea,1,Matn,0,0,1,0,0,0,0,0,0,1,0,0,1
0,0,Mounsef,0,Byblos,0,0,0,0,0,0,0,0,0,0,0,0,0
1,0,Mrah Es-Sfire,1,MiniyehâDanniyeh,0,0,1,0,0,0,0,0,0,1,0,0,1
1,0,Mrah Kwakh,1,Akkar,0,0,1,0,0,0,0,0,0,1,0,0,1
1,0,Mraijat,1,Aley,0,0,1,0,0,0,0,0,0,1,0,0,1
1,0,Mtolleh,1,Mount Lebanon,0,0,1,0,0,0,0,0,0,1,0,0,1
1,0,Mzraat Kefraya,1,Zgharta,0,0,1,0,0,0,0,0,0,1,0,0,1
0,0,Nabay,0,Matn,0,0,0,0,0,0,0,0,0,0,0,0,0
1,0,Nabha Qoudam,1,Baalbek-Hermel,0,0,1,0,0,0,0,0,0,1,0,0,1
0,0,Nabi Ayla,0,Zahle,0,0,0,0,0,0,0,0,0,0,0,0,0
0,0,Nahmeh,0,Mount Lebanon,0,0,0,0,0,0,0,0,0,0,0,0,0
1,0,Naoura El-Faouqa,1,Akkar,0,0,1,0,0,0,0,0,0,1,0,0,1
1,0,Nfisseh,1,Akkar,0,0,1,0,0,0,0,0,0,1,0,0,1
1,0,Niha Zahleh,1,Zahle,1,0,1,0,0,0,0,0,0,0,0,0,1
1,0,Ouada,1,Akkar,1,0,1,0,0,0,0,0,0,0,0,0,1
1,0,Ouadi Baanqoudaine,1,South_Governorate,0,0,1,0,0,0,0,0,0,1,0,0,1
1,0,Ouadi Chahine,1,Matn,0,0,1,0,0,0,0,0,0,1,0,0,1
1,0,Ouadi Chahrour El Aaoulia,1,Baabda,1,0,1,0,0,0,0,0,0,0,0,0,1
1,0,Ouadi El-Haour,1,Akkar,0,0,1,0,0,0,0,0,0,1,0,0,1
1,0,Ouadi El-Karm El-Matn,1,Matn,0,0,1,0,0,0,0,0,0,1,0,0,1
1,0,Ouadi Es-Sitt,1,Mount Lebanon,0,0,1,0,0,0,0,0,0,1,0,0,1
1,0,Ouadi Faara,1,Hermel,0,0,1,0,0,0,0,0,0,1,0,0,1
1,0,Ouarhaniyeh,1,Mount Lebanon,0,0,1,0,0,0,0,0,0,1,0,0,1
0,0,Ouata El-Jaouz,0,Keserwan,0,0,0,0,0,0,0,0,0,0,0,0,0
0,0,Qaaqaiyet Es-Snaoubar,0,Sidon,0,0,0,0,0,0,0,0,0,0,0,0,0
1,0,Qaaqour,1,Matn,0,0,1,0,0,0,0,0,0,1,0,0,1
0,0,Qabrikha,0,Marjeyoun,0,0,0,0,0,0,0,0,0,0,0,0,0
1,0,Qalaa,1,Baabda,0,0,1,0,0,0,0,0,0,1,0,0,1
1,0,Qalaouiyeh,1,Jbeil,0,0,1,0,0,0,0,0,0,0,0,0,1
1,0,Qannebet Salima,1,Matn,1,0,1,0,0,0,0,0,0,0,0,0,1
1,0,Qantara,1,Marjeyoun,0,0,1,0,0,0,1,0,0,1,0,0,1
0,0,Qantarat Aakkar,0,Akkar,0,0,0,0,0,0,0,0,0,0,0,0,0
1,0,Qarah Bach,1,Zgharta,0,0,1,0,0,0,0,0,0,1,0,0,1
0,0,Qardaf,0,Akkar,0,0,0,0,0,0,0,0,0,0,0,0,0
1,0,Qarha,1,Akkar,0,0,1,0,0,0,0,0,0,1,0,0,1
0,0,Qarha Baalbek,0,Baalbek-Hermel,0,0,0,0,0,0,0,0,0,1,0,0,0
1,0,Qaynour,1,Bsharri,1,0,1,0,0,0,0,0,0,0,0,0,1
1,0,Qaytouleh,1,South_Governorate,0,0,1,0,0,0,1,0,0,1,0,0,1
1,0,Qennabet Broummana,1,Matn,0,0,1,0,0,0,0,0,0,1,0,0,1
1,0,Qild Es Sabea,1,Baalbek-Hermel,1,0,1,0,0,0,0,0,0,0,0,0,1
0,0,Qlaileh Harfoush,0,Baalbek-Hermel,0,0,0,0,0,0,0,0,0,0,0,0,0
1,0,Qleiaat Aakkar,1,Akkar,0,0,1,0,0,0,0,0,0,1,0,0,1
1,0,Qloud El-Baqieh,1,Akkar,0,0,1,0,0,0,0,0,0,1,0,0,1
1,0,Qornet El-Hamra,1,Matn,0,0,1,0,0,0,0,0,0,1,0,0,1
1,0,Qoubber Chamra,1,Akkar,0,0,1,0,0,0,0,0,0,1,0,0,1
1,0,Qounaitra,1,Sidon,0,0,1,0,0,0,0,0,0,1,0,0,1
1,0,Qraine,1,MiniyehâDanniyeh,1,0,1,0,0,0,0,0,0,0,0,0,1
1,0,Qraiyat,1,Akkar,0,0,1,0,0,0,0,0,0,1,0,0,1
1,0,Qsaibet En-Nabatiyeh,1,Nabatieh,1,0,1,0,0,0,0,0,0,0,0,0,1
1,0,Raait,1,Zahle,0,0,1,0,0,0,0,0,0,1,0,0,1
1,0,Rabb Et-Tlatine,1,Marjeyoun,0,0,1,0,0,0,0,0,0,1,0,0,1
1,0,Rachaf,1,Jbeil,0,0,1,0,0,0,0,0,0,1,0,0,1
1,0,Ram,1,Baalbek-Hermel,0,0,1,0,0,0,0,0,0,1,0,0,1
0,0,Ramlieh,0,Aley,0,0,0,0,0,0,0,0,0,1,0,0,0
0,0,Ras El Matn,0,Baabda,0,0,0,0,0,0,0,0,0,0,0,0,0
1,0,Ras Kifa,1,Zgharta,0,0,1,0,0,0,0,0,0,1,0,0,1
1,0,Rasha,1,Batroun,0,0,1,0,0,0,0,0,0,1,0,0,1
1,0,Rawda Bekaa,1,Western_Beqaa,0,0,1,0,0,0,0,0,0,1,0,0,1
1,0,Rijmeh,1,Aley,0,0,1,0,0,0,0,0,0,1,0,0,1
0,0,Rmaich,0,Jbeil,0,0,0,0,0,0,0,0,0,0,0,0,0
1,0,Saadine,1,Akkar,0,0,1,0,0,0,0,0,0,1,0,0,1
0,0,Saaideh,0,Baalbek-Hermel,0,0,0,0,0,0,0,0,0,0,0,0,0
1,0,Sabbah,1,South_Governorate,0,0,1,0,0,0,0,0,0,1,0,0,1
0,0,Safad Al-Battikh,0,Jbeil,0,0,0,0,0,0,0,0,0,0,0,0,0
1,0,Sahle,1,Akkar,0,0,1,0,0,0,0,0,0,1,0,0,1
1,0,Sammaqiyeh,1,Akkar,0,0,1,0,0,0,0,0,0,1,0,0,1
0,0,Sanaya,0,South_Governorate,0,0,0,0,0,0,0,0,0,0,0,0,0
0,0,Saoufar,0,Aley,0,0,0,0,0,0,0,0,0,0,0,0,0
0,0,Sarafand,0,Sidon,0,0,0,0,0,0,0,0,0,0,0,0,0
1,0,Sariita,1,Byblos,0,0,1,0,0,0,0,0,0,1,0,0,1
1,0,Sayssouq,1,Akkar,0,0,1,0,0,0,0,0,0,1,0,0,1
1,0,Sehjoud,1,Hermel,1,0,1,0,0,0,0,0,0,1,0,0,1
1,0,Selaa,1,Tyre,0,0,1,0,0,0,0,0,0,1,0,0,1
1,0,Selaata,1,Batroun,1,0,1,0,0,0,0,0,0,0,0,0,1
0,0,Semqaniyeh,0,Mount Lebanon,0,0,0,0,0,0,0,0,0,0,0,0,0
1,0,Serraaine Et-Tahta,1,Baalbek-Hermel,0,0,1,0,0,0,0,0,0,1,0,0,1
1,0,Sfaynet El-Qaitaa,1,Akkar,1,0,1,0,0,0,0,0,0,0,0,0,1
1,0,Shayleh Kesrouane,1,Keserwan,0,0,1,0,0,0,0,0,0,1,0,0,1
0,0,Sini,0,Nabatieh,0,0,0,0,0,0,0,0,0,1,0,0,0
0,0,Sir Ed-Danniyeh,0,MiniyehâDanniyeh,0,0,0,0,0,0,0,0,0,0,0,0,0
0,0,Sirjbal,0,Mount Lebanon,0,0,0,0,0,0,0,0,0,1,0,0,0
1,0,Souairi,1,Western_Beqaa,0,0,1,0,0,0,0,0,0,1,0,0,1
1,0,Soufaileh,1,Matn,0,0,1,0,0,0,0,0,0,1,0,0,1
0,0,Souq El-Gharb,0,Aley,0,0,0,0,0,0,0,0,0,0,0,0,0
1,0,Srar,1,Akkar,0,0,1,0,0,0,0,0,0,1,0,0,1
1,0,Srayri,1,South_Governorate,0,0,1,0,0,0,0,0,0,1,0,0,1
0,0,Srobbine,0,Jbeil,0,0,0,0,0,0,0,0,0,0,0,0,0
1,0,Taaid,1,South_Governorate,1,0,1,0,0,0,0,0,0,0,0,0,1
1,0,Taazaniyeh,1,Aley,0,0,1,0,0,0,0,0,0,1,0,0,1
0,0,Tabarja,0,Keserwan,0,0,0,0,0,0,0,0,0,0,0,0,0
0,0,Tahouitat El Ghadir,0,Baabda,0,0,0,0,0,0,0,0,0,0,0,0,0
1,0,Tal Aabbas,1,Akkar,0,0,1,0,0,0,0,0,0,1,0,0,1
1,0,Talia,1,Baalbek-Hermel,0,0,1,0,0,0,0,0,0,1,0,0,1
1,0,Tall Bireh,1,Akkar,0,0,1,0,0,0,0,0,0,1,0,0,1
1,0,Tall Hmayra,1,Akkar,0,0,1,0,0,0,0,0,0,1,0,0,1
1,0,Tall Znoub,1,Western_Beqaa,0,0,1,0,0,0,0,0,0,1,0,0,1
1,0,Tallet Chattaha,1,Akkar,0,0,1,0,0,0,0,0,0,1,0,0,1
1,0,Talloussa,1,Marjeyoun,0,0,1,0,0,0,0,0,0,0,0,0,1
0,0,Taybet Matjaayoun,0,Marjeyoun,0,0,0,0,0,0,0,0,0,0,0,0,0
0,0,Tayr Harfa,0,Tyre,0,0,0,0,0,0,0,0,0,0,0,0,0
0,0,Tiri,0,Jbeil,0,0,0,0,0,0,0,0,0,0,0,0,0
1,0,Toula El-Batroun,1,Batroun,0,0,1,0,0,0,0,0,0,1,0,0,1
1,0,Tshea,1,Akkar,1,0,1,0,0,0,0,0,0,0,0,0,1
1,0,Wadi Jezzine,1,South_Governorate,0,0,1,0,0,0,0,0,0,1,0,0,1
0,0,Younine,0,Baalbek-Hermel,0,0,0,0,0,0,0,0,0,0,0,0,0
1,0,Zaaitreh,1,Keserwan,0,0,1,0,0,0,0,0,0,1,0,0,1
1,0,Zaarouriyeh,1,Mount Lebanon,0,0,1,0,0,0,0,0,0,1,0,0,1
1,0,Zabboud,1,Baalbek-Hermel,0,0,1,0,0,0,0,0,0,1,0,0,1
1,0,Zabbougha,1,Matn,0,0,1,0,0,0,0,0,0,1,0,0,1
1,0,Zaghartaghrine,1,MiniyehâDanniyeh,0,0,1,0,0,0,0,0,0,1,0,0,1
0,0,Zahra,0,Baalbek-Hermel,0,0,0,0,0,0,0,0,0,0,0,0,0
1,0,Zakroun,1,North_Governorate,0,0,1,0,0,0,0,0,0,1,0,0,1
0,0,Zaneh,0,Batroun,0,0,0,0,0,0,0,0,0,1,0,0,0
1,0,Zaoutar El-Gharbiyeh,1,Nabatieh,0,0,1,0,0,0,1,0,0,1,0,0,1
0,0,Zaraaoun,0,Matn,0,0,0,0,0,0,0,0,0,0,0,0,0
0,0,Zebqine,0,Tyre,0,0,0,0,0,0,0,0,0,0,0,0,0
1,0,Zeita,1,Sidon,0,0,1,0,0,0,0,0,0,1,0,0,1
1,0,Zhilta,1,South_Governorate,0,0,1,0,0,0,0,0,0,1,0,0,1
0,0,Zighrine,0,Matn,0,0,0,0,0,0,0,0,0,0,0,0,0
1,0,Zilaya,1,Western_Beqaa,1,0,1,0,0,0,0,0,0,0,0,0,1
1,0,Zouq El-Hadara,1,Akkar,0,0,1,0,0,0,0,0,0,1,0,0,1
1,0,Zouq El-Hbalsa,1,Akkar,0,0,1,0,0,0,0,0,0,1,0,0,1
1,0,Zrazeer,1,Baalbek-Hermel,0,0,1,0,0,0,1,0,0,1,0,0,1
1,0,jouar Hasheesh,1,Hermel,1,0,1,0,0,0,0,0,0,0,0,0,1
0,0,yahchouch,0,Keserwan,0,0,0,0,0,0,0,0,0,0,0,0,0